ID,Reserve.Location,Camera.Site,Setup.Date,Last.Photo.Date,Cam.Days,Lat_Y,Long_X,Cam.Brand,Flash,RSA.Vegetation,RSA.Biome,Reserve.Area..km2.,Stablishment.Year,EVI.mean,EVI.sd,NDVI.Mean,NDVI.sd,Season,Managent.Type,Official.Name,Elev.m
1,APN,APN_K011,2018-10-25,2018-12-12,48,-24.23569444,31.18658333,Cuddeback 1347,White,ARID LOWVELD,Savanna,577,1972,0.195285714,0.067580062,0.288714286,0.07474123,spring-summer,Private reserve,Associated Private Nature Reserves,401
2,APN,APN_K012,2018-10-25,2018-12-26,62,-24.22777778,31.22847222,Cuddeback 1347,White,ARID LOWVELD,Savanna,577,1972,0.203585714,0.079667024,0.3044,0.097477673,spring-summer,Private reserve,Associated Private Nature Reserves,401
3,APN,APN_K013,2018-10-23,2019-01-22,91,-24.24805556,31.21961111,Cuddeback 1347,White,ARID LOWVELD,Savanna,577,1972,0.202357143,0.074437263,0.298471429,0.088310413,spring-summer,Private reserve,Associated Private Nature Reserves,401
4,APN,APN_K014,2018-10-25,2018-11-28,34,-24.27102778,31.15586111,Cuddeback 1347,White,ARID LOWVELD,Savanna,577,1972,0.219428571,0.105823118,0.325457143,0.118805553,spring-summer,Private reserve,Associated Private Nature Reserves,444
5,APN,APN_K021,2018-10-23,2019-01-25,94,-24.18927778,31.1485,Cuddeback 1347,White,ARID LOWVELD,Savanna,577,1972,0.188671429,0.064449249,0.281571429,0.087779244,spring-summer,Private reserve,Associated Private Nature Reserves,409
6,APN,APN_K023,2018-10-23,2019-01-24,93,-24.16211111,31.17636111,Cuddeback 1347,White,ARID LOWVELD,Savanna,577,1972,0.2347,0.111325589,0.3368,0.120329977,spring-summer,Private reserve,Associated Private Nature Reserves,345
7,APN,APN_K024,2018-10-23,2019-01-25,94,-24.21858333,31.1315,Cuddeback 1347,White,ARID LOWVELD,Savanna,577,1972,0.226471429,0.08711092,0.342114286,0.099108517,spring-summer,Private reserve,Associated Private Nature Reserves,409
8,APN,APN_K034,2018-10-23,2019-01-22,91,-24.32288889,31.07033333,Cuddeback 1347,White,ARID LOWVELD,Savanna,577,1972,0.246771429,0.117005922,0.379528571,0.150056375,spring-summer,Private reserve,Associated Private Nature Reserves,470
9,APN,APN_K041,2018-10-23,2019-01-23,92,-24.19266667,31.07902778,Cuddeback 1347,White,ARID LOWVELD,Savanna,577,1972,0.210371429,0.098404229,0.334157143,0.123730902,spring-summer,Private reserve,Associated Private Nature Reserves,440
10,APN,APN_K044,2018-10-23,2019-01-25,94,-24.28083333,31.10347222,Cuddeback 1347,White,ARID LOWVELD,Savanna,577,1972,0.213814286,0.090424839,0.3386,0.113370175,spring-summer,Private reserve,Associated Private Nature Reserves,444
11,APN,APN_K051,2018-10-23,2018-12-27,65,-24.19627778,31.13561111,Cuddeback 1347,White,ARID LOWVELD,Savanna,577,1972,0.191942857,0.081853525,0.303928571,0.102580598,spring-summer,Private reserve,Associated Private Nature Reserves,409
12,APN,APN_K053,2018-10-24,2019-01-24,92,-24.27322222,31.08061111,Cuddeback 1347,White,ARID LOWVELD,Savanna,577,1972,0.233671429,0.111826379,0.363471429,0.135755684,spring-summer,Private reserve,Associated Private Nature Reserves,470
13,APN,APN_K062,2018-10-25,2019-01-22,89,-24.12538889,31.18930556,Cuddeback 1347,White,ARID LOWVELD,Savanna,577,1972,0.217614286,0.113839015,0.346,0.138038364,spring-summer,Private reserve,Associated Private Nature Reserves,345
14,APN,APN_K064,2018-10-25,2018-11-14,20,-24.11252778,31.25158333,Cuddeback 1347,White,ARID LOWVELD,Savanna,577,1972,0.204014286,0.101408537,0.331285714,0.127304077,spring-summer,Private reserve,Associated Private Nature Reserves,343
15,APN,APN_K073,2018-10-23,2019-01-25,94,-24.17741667,31.28913889,Cuddeback 1347,White,ARID LOWVELD,Savanna,577,1972,0.215557143,0.081293355,0.327471429,0.098031657,spring-summer,Private reserve,Associated Private Nature Reserves,383
16,APN,APN_K082,2018-10-23,2018-12-26,64,-24.09219444,31.23783333,Cuddeback 1347,White,ARID LOWVELD,Savanna,577,1972,0.202971429,0.064199603,0.3122,0.085262086,spring-summer,Private reserve,Associated Private Nature Reserves,345
17,AUG,AUG_C02,2018-11-23,2019-01-01,39,-28.54306,20.02006,Cuddeback,Black,NAMAQUALAND BROKEN VELD,Nama Karoo,536,1966,0.08555,0.003447221,0.119025,0.004486554,summer,National Park ,Augrabies Falls National Park,713
18,AUG,AUG_C03,2018-11-23,2019-01-06,44,-28.54254,20.04165,Cuddeback,Black,NAMAQUALAND BROKEN VELD,Nama Karoo,536,1966,0.078675,0.003917801,0.1076,0.006646804,summer,National Park ,Augrabies Falls National Park,713
19,AUG,AUG_C11,2018-11-21,2018-11-21,0,-28.54758,20.216,Cuddeback,Black,NAMAQUALAND BROKEN VELD,Nama Karoo,536,1966,0.071275,0.003886194,0.108225,0.001594522,summer,National Park ,Augrabies Falls National Park,575
20,AUG,AUG_C13,2018-11-22,2018-12-27,35,-28.55153,20.26014,Cuddeback,Black,NAMAQUALAND BROKEN VELD,Nama Karoo,536,1966,0.07245,0.005036864,0.1109,0.007831986,summer,National Park ,Augrabies Falls National Park,600
21,AUG,AUG_C14,2018-11-22,2018-12-16,24,-28.54926,20.28575,Cuddeback,Black,NAMAQUALAND BROKEN VELD,Nama Karoo,536,1966,0.065675,0.001615292,0.110375,0.004728901,summer,National Park ,Augrabies Falls National Park,600
22,AUG,AUG_D01,2018-11-23,2018-11-26,3,-28.56412,19.99688,Cuddeback,Black,NAMAQUALAND BROKEN VELD,Nama Karoo,536,1966,0.083075,0.001892749,0.111275,0.00421614,summer,National Park ,Augrabies Falls National Park,710
23,AUG,AUG_D02,2018-11-23,2019-01-02,40,-28.56286,20.01998,Cuddeback,Black,NAMAQUALAND BROKEN VELD,Nama Karoo,536,1966,0.086275,0.00199562,0.119175,0.002564339,summer,National Park ,Augrabies Falls National Park,713
24,AUG,AUG_D03,2018-11-23,2019-01-04,42,-28.56452,20.04089,Cuddeback,Black,NAMAQUALAND BROKEN VELD,Nama Karoo,536,1966,0.082,0.003291403,0.118125,0.003628935,summer,National Park ,Augrabies Falls National Park,713
25,AUG,AUG_D05,2018-11-23,2019-01-05,43,-28.56493,20.08687,Cuddeback,Black,NAMAQUALAND BROKEN VELD,Nama Karoo,536,1966,0.0864,0.003114482,0.123825,0.005754057,summer,National Park ,Augrabies Falls National Park,637
26,AUG,AUG_D06,2018-11-23,2018-12-16,23,-28.5633,20.11179,Cuddeback,Black,NAMAQUALAND BROKEN VELD,Nama Karoo,536,1966,0.08325,0.002548856,0.109575,0.002525041,summer,National Park ,Augrabies Falls National Park,637
27,AUG,AUG_D10,2018-11-22,2018-12-06,14,-28.57489,20.20328,Cuddeback,Black,NAMAQUALAND BROKEN VELD,Nama Karoo,536,1966,0.078725,0.001244655,0.118475,0.002525041,summer,National Park ,Augrabies Falls National Park,575
28,AUG,AUG_D11,2018-11-22,2018-12-08,16,-28.56714,20.22453,Cuddeback,Black,NAMAQUALAND BROKEN VELD,Nama Karoo,536,1966,0.08215,0.001752142,0.1272,0.00355434,summer,National Park ,Augrabies Falls National Park,575
29,AUG,AUG_D13,2018-11-22,2018-12-10,18,-28.56748,20.27043,Cuddeback,Black,NAMAQUALAND BROKEN VELD,Nama Karoo,536,1966,0.072875,0.000963933,0.1105,0.003657868,summer,National Park ,Augrabies Falls National Park,600
30,AUG,AUG_E05,2018-11-23,2019-01-02,40,-28.58584,20.08748,Cuddeback,Black,NAMAQUALAND BROKEN VELD,Nama Karoo,536,1966,0.087025,0.003001527,0.1254,0.003304542,summer,National Park ,Augrabies Falls National Park,744
31,AUG,AUG_E08,2018-11-23,2019-01-04,42,-28.57935,20.15412,Cuddeback,Black,NAMAQUALAND BROKEN VELD,Nama Karoo,536,1966,0.080225,0.006840261,0.11,0.00662772,summer,National Park ,Augrabies Falls National Park,637
32,AUG,AUG_E09,2018-11-23,2019-01-10,48,-28.58194,20.17719,Cuddeback,Black,NAMAQUALAND BROKEN VELD,Nama Karoo,536,1966,0.063,0.003331666,0.091625,0.003996144,summer,National Park ,Augrabies Falls National Park,575
33,AUG,AUG_E11,2018-11-22,2018-12-14,22,-28.58409,20.22702,Cuddeback,Black,NAMAQUALAND BROKEN VELD,Nama Karoo,536,1966,0.077175,0.003508442,0.118225,0.004793311,summer,National Park ,Augrabies Falls National Park,724
34,AUG,AUG_E12,2018-11-24,2018-12-24,30,-28.5882,20.24634,Cuddeback,Black,NAMAQUALAND BROKEN VELD,Nama Karoo,536,1966,0.081625,0.004412388,0.124,0.005012651,summer,National Park ,Augrabies Falls National Park,724
35,AUG,AUG_E13,2018-11-22,2018-12-14,22,-28.58816,20.26922,Cuddeback,Black,NAMAQUALAND BROKEN VELD,Nama Karoo,536,1966,0.0831,0.001691153,0.122,0.002897125,summer,National Park ,Augrabies Falls National Park,672
36,AUG,AUG_E14,2018-11-22,2018-12-06,14,-28.58436,20.29197,Cuddeback,Black,NAMAQUALAND BROKEN VELD,Nama Karoo,536,1966,0.077325,0.002757263,0.12295,0.003266497,summer,National Park ,Augrabies Falls National Park,672
37,BLO,BLO_A04,2018-07-20,2018-11-05,108,-22.96079,29.0942,Cuddeback Ambush,White,MIXED BUSHVELD,Savanna,93.46,2007,0.1123125,0.003779432,0.23645,0.013311434,winter-spring,Provintial Reserve,Blouberg Nature Reserve,853
38,BLO,BLO_B02,2018-07-20,2018-11-06,109,-22.97752,29.05294,Cuddeback Ambush,White,MIXED BUSHVELD,Savanna,93.46,2007,0.1209125,0.003958873,0.2607375,0.013805996,winter-spring,Provintial Reserve,Blouberg Nature Reserve,867
39,BLO,BLO_B03,2018-07-20,2018-11-05,108,-22.97663,29.0715,Cuddeback Ambush,White,MIXED BUSHVELD,Savanna,93.46,2007,0.1303625,0.007566833,0.27345,0.014112305,winter-spring,Provintial Reserve,Blouberg Nature Reserve,867
40,BLO,BLO_B04,2018-07-21,2018-11-05,107,-22.97728,29.09327,Cuddeback Ambush,White,SOURISH MIXED BUSHVELD,Savanna,93.46,2007,0.128975,0.005935306,0.271075,0.012313146,winter-spring,Provintial Reserve,Blouberg Nature Reserve,853
41,BLO,BLO_B05,2018-07-21,2018-11-06,108,-22.97751,29.1132,Cuddeback Ambush,White,SOURISH MIXED BUSHVELD,Savanna,93.46,2007,0.1299375,0.007607879,0.26385,0.011066165,winter-spring,Provintial Reserve,Blouberg Nature Reserve,853
42,BLO,BLO_B06,2018-07-21,2018-11-06,108,-22.9773,29.13261,Cuddeback Ambush,White,SOURISH MIXED BUSHVELD,Savanna,93.46,2007,0.113825,0.007647735,0.2556375,0.021072252,winter-spring,Provintial Reserve,Blouberg Nature Reserve,853
43,BLO,BLO_C02,2018-07-20,2018-11-05,108,-22.99776,29.05258,Cuddeback Ambush,White,SOURISH MIXED BUSHVELD,Savanna,93.46,2007,0.1246875,0.006367874,0.2609875,0.019779314,winter-spring,Provintial Reserve,Blouberg Nature Reserve,867
44,BLO,BLO_C03,2018-07-20,2018-11-06,109,-22.99718,29.07301,Cuddeback Ambush,White,SOURISH MIXED BUSHVELD,Savanna,93.46,2007,0.1698125,0.019770211,0.3564625,0.055444694,winter-spring,Provintial Reserve,Blouberg Nature Reserve,867
45,BLO,BLO_C04,2018-07-20,2018-11-06,109,-22.99724,29.09333,Cuddeback Ambush,White,SOURISH MIXED BUSHVELD,Savanna,93.46,2007,0.1393625,0.009894578,0.2851625,0.03535073,winter-spring,Provintial Reserve,Blouberg Nature Reserve,853
46,BLO,BLO_C05,2018-07-20,2018-11-03,106,-22.99548,29.11514,Cuddeback Ambush,White,SOURISH MIXED BUSHVELD,Savanna,93.46,2007,0.1305125,0.019975588,0.3038875,0.021624156,winter-spring,Provintial Reserve,Blouberg Nature Reserve,853
47,BLO,BLO_C06,2018-07-20,2018-11-06,109,-22.99514,29.13336,Cuddeback Ambush,White,SOURISH MIXED BUSHVELD,Savanna,93.46,2007,0.132975,0.023339528,0.29055,0.028359478,winter-spring,Provintial Reserve,Blouberg Nature Reserve,853
48,BLO,BLO_C07,2018-07-20,2018-11-01,104,-22.9941,29.15365,Cuddeback Ambush,White,SOURISH MIXED BUSHVELD,Savanna,93.46,2007,0.1459125,0.021395356,0.2915625,0.029972365,winter-spring,Provintial Reserve,Blouberg Nature Reserve,853
49,BLO,BLO_D02,2018-07-21,2018-11-05,107,-23.00981,29.04876,Cuddeback Ambush,White,SOURISH MIXED BUSHVELD,Savanna,93.46,2007,0.13785,0.011456377,0.2986125,0.009353447,winter-spring,Provintial Reserve,Blouberg Nature Reserve,1121
50,BLO,BLO_D03,2018-07-21,2018-11-05,107,-23.01709,29.07506,Cuddeback Ambush,White,SOURISH MIXED BUSHVELD,Savanna,93.46,2007,0.1425125,0.01452057,0.2947,0.036191791,winter-spring,Provintial Reserve,Blouberg Nature Reserve,1121
51,BLO,BLO_D04,2018-07-21,2018-11-06,108,-23.0202,29.09383,Cuddeback Ambush,White,SOURISH MIXED BUSHVELD,Savanna,93.46,2007,0.1692125,0.010476837,0.3842375,0.057972578,winter-spring,Provintial Reserve,Blouberg Nature Reserve,892
52,BLO,BLO_D05,2018-07-21,2018-11-04,106,-23.02114,29.11767,Cuddeback Ambush,White,SOURISH MIXED BUSHVELD,Savanna,93.46,2007,0.1489125,0.012978712,0.33575,0.050746907,winter-spring,Provintial Reserve,Blouberg Nature Reserve,892
53,BLO,BLO_D06,2018-07-21,2018-11-06,108,-23.01625,29.13517,Cuddeback Ambush,White,MIXED BUSHVELD,Savanna,93.46,2007,0.1395,0.013832777,0.3156625,0.037897981,winter-spring,Provintial Reserve,Blouberg Nature Reserve,892
54,BLO,BLO_E04,2018-07-21,2018-11-02,104,-23.04084,29.09424,Cuddeback Ambush,White,MIXED BUSHVELD,Savanna,93.46,2007,0.1452875,0.009474694,0.33405,0.029761096,winter-spring,Provintial Reserve,Blouberg Nature Reserve,892
55,CDB,CDB_A05,2019-01-31,2019-04-30,89,-32.17137,24.49324,Cuddeback,White,FALSE KARROID BROKEN VELD,Nama Karoo,186,2005,0.11144,0.023472575,0.19523,0.0469031,summer-autunm,National Park ,Camdeboo National Park,914
56,CDB,CDB_A06,2019-01-31,2019-04-24,83,-32.17247,24.51197,Cuddeback,White,FALSE KARROID BROKEN VELD,Nama Karoo,186,2005,0.11002,0.020945502,0.207946667,0.048955883,summer-autunm,National Park ,Camdeboo National Park,827
57,CDB,CDB_B04,2019-01-31,2019-04-30,89,-32.18986,24.47395,Cuddeback,White,FALSE KARROID BROKEN VELD,Nama Karoo,186,2005,0.130826667,0.028064396,0.221273333,0.05286834,summer-autunm,National Park ,Camdeboo National Park,914
58,CDB,CDB_B06,2019-01-31,2019-04-30,89,-32.1876,24.51084,Cuddeback,White,FALSE KARROID BROKEN VELD,Nama Karoo,186,2005,0.180453333,0.05361231,0.31206,0.096866003,summer-autunm,National Park ,Camdeboo National Park,827
59,CDB,CDB_B07,2019-01-31,2019-04-30,89,-32.19009,24.53279,Cuddeback,White,FALSE KARROID BROKEN VELD,Nama Karoo,186,2005,0.21218,0.050613658,0.424873333,0.10041815,summer-autunm,National Park ,Camdeboo National Park,827
60,CDB,CDB_C03,2019-01-31,2019-04-12,71,-32.20811,24.45247,Cuddeback,White,FALSE KARROID BROKEN VELD,Nama Karoo,186,2005,0.12208,0.026269261,0.20779,0.049293165,summer-autunm,National Park ,Camdeboo National Park,914
61,CDB,CDB_C04,2019-01-31,2019-04-23,82,-32.20655,24.4707,Cuddeback,White,FALSE KARROID BROKEN VELD,Nama Karoo,186,2005,0.115513333,0.024994023,0.20157,0.048043013,summer-autunm,National Park ,Camdeboo National Park,914
62,CDB,CDB_C05,2019-02-01,2019-04-30,88,-32.20943,24.49503,Cuddeback,White,FALSE KARROID BROKEN VELD,Nama Karoo,186,2005,0.14437,0.033172383,0.24842,0.0599411,summer-autunm,National Park ,Camdeboo National Park,914
63,CDB,CDB_C06,2019-01-31,2019-04-29,88,-32.20034,24.50242,Cuddeback,White,FALSE KARROID BROKEN VELD,Nama Karoo,186,2005,0.286336667,0.107131133,0.456286667,0.14164313,summer-autunm,National Park ,Camdeboo National Park,827
64,CDB,CDB_C07,2019-01-31,2019-04-29,88,-32.2091,24.53523,Cuddeback,White,FALSE KARROID BROKEN VELD,Nama Karoo,186,2005,0.227823333,0.060515217,0.409373333,0.11215508,summer-autunm,National Park ,Camdeboo National Park,827
65,CDB,CDB_D02,2019-01-31,2019-04-24,83,-32.22839,24.43369,Cuddeback,White,FALSE KARROID BROKEN VELD,Thicket,186,2005,0.143736667,0.028381228,0.328736667,0.072675573,summer-autunm,National Park ,Camdeboo National Park,914
66,CDB,CDB_D03,2019-01-31,2019-04-09,68,-32.22736,24.44981,Cuddeback,White,FALSE KARROID BROKEN VELD,Nama Karoo,186,2005,0.13314,0.021880862,0.265436667,0.04995539,summer-autunm,National Park ,Camdeboo National Park,914
67,CDB,CDB_D04,2019-01-31,2019-04-29,88,-32.22676,24.46939,Cuddeback,White,FALSE KARROID BROKEN VELD,Nama Karoo,186,2005,0.128213333,0.026391845,0.238683333,0.054025231,summer-autunm,National Park ,Camdeboo National Park,914
68,CDB,CDB_D05,2019-01-31,2019-04-08,67,-32.22937,24.49467,Cuddeback,White,FALSE KARROID BROKEN VELD,Thicket,186,2005,0.198986667,0.019828919,0.450646667,0.05589271,summer-autunm,National Park ,Camdeboo National Park,914
69,CDB,CDB_D06,2019-02-01,2019-05-01,89,-32.22834,24.51313,Cuddeback,White,FALSE KARROID BROKEN VELD,Thicket,186,2005,0.14619,0.02077758,0.2934,0.049906803,summer-autunm,National Park ,Camdeboo National Park,827
70,CDB,CDB_E02,2019-01-31,2019-04-20,79,-32.24827,24.4266,Cuddeback,White,FALSE KARROID BROKEN VELD,Thicket,186,2005,0.166253333,0.036748744,0.360783333,0.088618761,summer-autunm,National Park ,Camdeboo National Park,914
71,CDB,CDB_E03,2019-01-31,2019-04-26,85,-32.24911,24.45199,Cuddeback,White,FALSE KARROID BROKEN VELD,Thicket,186,2005,0.1739,0.026264477,0.426253333,0.059404805,summer-autunm,National Park ,Camdeboo National Park,914
72,CDB,CDB_E04,2019-01-31,2019-04-30,89,-32.24738,24.46918,Cuddeback,White,FALSE KARROID BROKEN VELD,Thicket,186,2005,0.132853333,0.021488341,0.32169,0.060122291,summer-autunm,National Park ,Camdeboo National Park,914
73,CDB,CDB_E05,2019-01-31,2019-04-30,89,-32.24815,24.49102,Cuddeback,White,FALSE KARROID BROKEN VELD,Thicket,186,2005,0.12399,0.019012108,0.32269,0.060464674,summer-autunm,National Park ,Camdeboo National Park,914
74,CDB,CDB_F03,2019-01-31,2019-04-19,78,-32.2646,24.44894,Cuddeback,White,FALSE KARROID BROKEN VELD,Thicket,186,2005,0.165563333,0.022874357,0.387366667,0.067999236,summer-autunm,National Park ,Camdeboo National Park,855
75,DHP,DHP_A06,2018-11-14,2019-02-11,89,-34.39777,20.53871,Cuddeback,White,COASTAL MACCHIA,Fynbos,339,1957,0.231857143,0.024490465,0.531528571,0.059550811,summer,Provintial Reserve,DeHoop Nature Reserve,201
76,DHP,DHP_B06,2018-11-14,2019-02-01,79,-34.41365,20.53245,Cuddeback,White,COASTAL MACCHIA,Fynbos,339,1957,0.211342857,0.010652833,0.574,0.017885376,summer,Provintial Reserve,DeHoop Nature Reserve,201
77,DHP,DHP_B08,2018-11-14,2019-01-05,52,-34.41251,20.58089,Cuddeback,White,COASTAL MACCHIA,Fynbos,339,1957,0.261785714,0.037119376,0.523914286,0.035833756,summer,Provintial Reserve,DeHoop Nature Reserve,201
78,DHP,DHP_C07,2018-11-14,2019-02-11,89,-34.43589,20.5478,Cuddeback,White,COASTAL MACCHIA,Fynbos,339,1957,0.224071429,0.024372369,0.602514286,0.052719428,summer,Provintial Reserve,DeHoop Nature Reserve,100
79,DHP,DHP_D01,2018-11-14,2019-02-09,87,-34.45163,20.40923,Cuddeback,White,COASTAL MACCHIA,Fynbos,339,1957,0.193885714,0.016444394,0.360057143,0.012254096,summer,Provintial Reserve,DeHoop Nature Reserve,49
80,DHP,DHP_D02,2018-11-14,2019-02-12,90,-34.45095,20.43366,Cuddeback,White,COASTAL MACCHIA,Fynbos,339,1957,0.210128571,0.007767178,0.415085714,0.032370121,summer,Provintial Reserve,DeHoop Nature Reserve,55
81,DHP,DHP_D03,2018-11-14,2019-01-18,65,-34.44418,20.45724,Cuddeback,White,COASTAL MACCHIA,Fynbos,339,1957,0.186257143,0.030706181,0.4665,0.019327528,summer,Provintial Reserve,DeHoop Nature Reserve,55
82,DHP,DHP_D05,2018-11-14,2019-01-18,65,-34.4523,20.50658,Cuddeback,White,COASTAL MACCHIA,Fynbos,339,1957,0.219414286,0.035402233,0.524114286,0.035272058,summer,Provintial Reserve,DeHoop Nature Reserve,100
83,DHP,DHP_E01,2018-11-14,2019-02-07,85,-34.47147,20.40633,Cuddeback,White,COASTAL MACCHIA,Fynbos,339,1957,0.208714286,0.01817869,0.372642857,0.038152975,summer,Provintial Reserve,DeHoop Nature Reserve,49
84,DHP,DHP_E02,2018-11-14,2019-02-11,89,-34.47276,20.43193,Cuddeback,White,COASTAL MACCHIA,Fynbos,339,1957,0.210942857,0.022115067,0.300328571,0.021430952,summer,Provintial Reserve,DeHoop Nature Reserve,55
85,DHP,DHP_E03,2018-11-14,2019-02-07,85,-34.47203,20.45828,Cuddeback,White,COASTAL MACCHIA,Thicket,339,1957,0.210642857,0.056189052,0.359657143,0.104064609,summer,Provintial Reserve,DeHoop Nature Reserve,55
86,DHP,DHP_E04,2018-11-14,2019-01-13,60,-34.47553,20.48403,Cuddeback,White,COASTAL MACCHIA,Thicket,339,1957,0.329757143,0.120550209,0.479585714,0.095211019,summer,Provintial Reserve,DeHoop Nature Reserve,55
87,DHP,DHP_E05,2018-11-14,2019-02-13,91,-34.47501,20.50598,Cuddeback,White,COASTAL MACCHIA,Thicket,339,1957,0.242,0.085317,0.365833,0.097644,summer,Provintial Reserve,DeHoop Nature Reserve,100
88,DHP,DHP_F02,2018-11-14,2018-11-27,13,-34.49241,20.42927,Cuddeback,White,COASTAL MACCHIA,Thicket,339,1957,0.174557143,0.035586742,0.2428,0.024820959,summer,Provintial Reserve,DeHoop Nature Reserve,55
89,GOE,GOE_A01,2019-03-04,2019-05-03,60,-29.65453,18.02626,Cuddeback,Black,NAMAQUALAND BROKEN VELD,Succulent Karoo,148,1966,0.079983333,0.003666833,0.134133333,0.0043468,autunm,Provintial Reserve,Goegap Nature Reserve,1095
90,GOE,GOE_A03,2019-03-04,2019-04-29,56,-29.63599,18.05648,Cuddeback,Black,NAMAQUALAND BROKEN VELD,Succulent Karoo,148,1966,0.08385,0.001104083,0.1426,0.003756594,autunm,Provintial Reserve,Goegap Nature Reserve,1095
91,GOE,GOE_A04,2019-03-04,2019-04-30,57,-29.63719,18.03355,Cuddeback,Black,NAMAQUALAND BROKEN VELD,Succulent Karoo,148,1966,0.0882,0.005136925,0.15995,0.005130595,autunm,Provintial Reserve,Goegap Nature Reserve,1095
92,GOE,GOE_A05,2019-03-04,2019-05-07,64,-29.6536,18.00795,Cuddeback,Black,NAMAQUALAND BROKEN VELD,Succulent Karoo,148,1966,0.089783333,0.002974839,0.155666667,0.005607733,autunm,Provintial Reserve,Goegap Nature Reserve,1095
93,GOE,GOE_A06,2019-03-04,2019-04-25,52,-29.64529,17.99187,Cuddeback,Black,NAMAQUALAND BROKEN VELD,Nama Karoo,148,1966,0.094666667,0.003267211,0.164883333,0.004090192,autunm,Provintial Reserve,Goegap Nature Reserve,1095
94,GOE,GOE_A07,2019-03-04,2019-04-27,54,-29.62964,17.98567,Cuddeback,Black,NAMAQUALAND BROKEN VELD,Nama Karoo,148,1966,0.092583333,0.005697163,0.17135,0.006143859,autunm,Provintial Reserve,Goegap Nature Reserve,1095
95,GOE,GOE_A08,2019-03-04,2019-05-09,66,-29.61422,17.97839,Cuddeback,Black,NAMAQUALAND BROKEN VELD,Nama Karoo,148,1966,0.087983333,0.001898859,0.163033333,0.005080026,autunm,Provintial Reserve,Goegap Nature Reserve,1095
96,GOE,GOE_A09,2019-03-04,2019-05-02,59,-29.60603,17.99523,Cuddeback,Black,NAMAQUALAND BROKEN VELD,Nama Karoo,148,1966,0.0902,0.004119709,0.167733333,0.007586479,autunm,Provintial Reserve,Goegap Nature Reserve,1095
97,GOE,GOE_A10,2019-03-04,2019-04-14,41,-29.60946,18.01309,Cuddeback,Black,NAMAQUALAND BROKEN VELD,Nama Karoo,148,1966,0.08685,0.005181795,0.165383333,0.004806003,autunm,Provintial Reserve,Goegap Nature Reserve,1095
98,GOE,GOE_A11,2019-03-04,2019-04-28,55,-29.62491,18.0088,Cuddeback,Black,NAMAQUALAND BROKEN VELD,Nama Karoo,148,1966,0.083366667,0.004496072,0.157983333,0.004149418,autunm,Provintial Reserve,Goegap Nature Reserve,1095
99,GOE,GOE_A12,2019-03-05,2019-04-29,55,-29.66977,17.99429,Cuddeback,Black,NAMAQUALAND BROKEN VELD,Succulent Karoo,148,1966,0.089916667,0.005985789,0.141366667,0.008521659,autunm,Provintial Reserve,Goegap Nature Reserve,920
100,GOE,GOE_A13,2019-03-05,2019-03-27,22,-29.67983,18.0072,Cuddeback,Black,NAMAQUALAND BROKEN VELD,Succulent Karoo,148,1966,0.090283333,0.002103727,0.150316667,0.002992936,autunm,Provintial Reserve,Goegap Nature Reserve,969
101,GOE,GOE_A14,2019-03-05,2019-03-28,23,-29.67404,18.02976,Cuddeback,Black,NAMAQUALAND BROKEN VELD,Succulent Karoo,148,1966,0.07885,0.003569174,0.13765,0.002052072,autunm,Provintial Reserve,Goegap Nature Reserve,969
102,GOE,GOE_A15,2019-03-05,2019-04-29,55,-29.69501,18.01242,Cuddeback,Black,NAMAQUALAND BROKEN VELD,Succulent Karoo,148,1966,0.088316667,0.004758746,0.141016667,0.006827127,autunm,Provintial Reserve,Goegap Nature Reserve,969
103,GOE,GOE_A16,2019-03-05,2019-04-20,46,-29.70473,17.99744,Cuddeback,Black,NAMAQUALAND BROKEN VELD,Succulent Karoo,148,1966,0.096866667,0.004913926,0.16005,0.008383496,autunm,Provintial Reserve,Goegap Nature Reserve,920
104,GOE,GOE_A17,2019-03-05,2019-05-07,63,-29.69897,17.97904,Cuddeback,Black,NAMAQUALAND BROKEN VELD,Succulent Karoo,148,1966,0.086683333,0.001969179,0.153616667,0.00379864,autunm,Provintial Reserve,Goegap Nature Reserve,920
105,GOE,GOE_A18,2019-03-05,2019-05-14,70,-29.6826,17.981,Cuddeback,Black,NAMAQUALAND BROKEN VELD,Succulent Karoo,148,1966,0.074183333,0.003919906,0.123016667,0.007395517,autunm,Provintial Reserve,Goegap Nature Reserve,920
106,GOE,GOE_A19,2019-03-05,2019-04-08,34,-29.68332,17.96162,Cuddeback,Black,NAMAQUALAND BROKEN VELD,Succulent Karoo,148,1966,0.054233333,0.005053184,0.085766667,0.007412332,autunm,Provintial Reserve,Goegap Nature Reserve,920
107,GOE,GOE_A20,2019-03-05,2019-04-11,37,-29.68566,17.94282,Cuddeback,Black,NAMAQUALAND BROKEN VELD,Succulent Karoo,148,1966,0.092416667,0.004981332,0.144416667,0.007201782,autunm,Provintial Reserve,Goegap Nature Reserve,920
108,KAR,KAR_A01,2018-08-20,2018-11-18,90,-32.24134,22.24286,Cuddeback - 1347,White,KARROID BROKEN VELD,Nama Karoo,883.26,1979,0.056733333,0.002819693,0.1158,0.009282672,spring,National Park ,Karoo National Park,979
109,KAR,KAR_A02,2018-08-20,2018-11-21,93,-32.24196,22.27288,Cuddeback - 1347,White,KARROID BROKEN VELD,Nama Karoo,883.26,1979,0.065516667,0.005052293,0.1183,0.009236016,spring,National Park ,Karoo National Park,971
110,KAR,KAR_A03,2018-08-20,2018-11-05,77,-32.24035,22.29523,Cuddeback - 1347,White,KARROID BROKEN VELD,Nama Karoo,883.26,1979,0.054566667,0.003689264,0.102466667,0.004345419,spring,National Park ,Karoo National Park,971
111,KAR,KAR_B01,2018-08-20,2018-11-21,93,-32.25663,22.24936,Cuddeback - 1347,White,KARROID BROKEN VELD,Nama Karoo,883.26,1979,0.071933333,0.003999333,0.121766667,0.007250563,spring,National Park ,Karoo National Park,844
112,KAR,KAR_B02,2018-08-20,2018-11-21,93,-32.26155,22.27314,Cuddeback - 1347,White,KARROID BROKEN VELD,Nama Karoo,883.26,1979,0.06275,0.004487204,0.117683333,0.005900989,spring,National Park ,Karoo National Park,859
113,KAR,KAR_B03,2018-08-20,2018-11-17,89,-32.26008,22.29522,Cuddeback - 1347,White,KARROID BROKEN VELD,Nama Karoo,883.26,1979,0.064116667,0.003787039,0.117,0.009916653,spring,National Park ,Karoo National Park,859
114,KAR,KAR_C01,2018-08-20,2018-11-21,93,-32.27611,22.24694,Cuddeback - 1347,White,KARROID BROKEN VELD,Nama Karoo,883.26,1979,0.045116667,0.002438374,0.087633333,0.006382372,spring,National Park ,Karoo National Park,844
115,KAR,KAR_C02,2018-08-20,2018-11-20,92,-32.2816,22.26752,Cuddeback - 1347,White,KARROID BROKEN VELD,Nama Karoo,883.26,1979,0.046466667,0.00391544,0.099983333,0.013812084,spring,National Park ,Karoo National Park,859
116,KAR,KAR_C03,2018-08-20,2018-11-21,93,-32.27756,22.29848,Cuddeback - 1347,White,KARROID BROKEN VELD,Nama Karoo,883.26,1979,0.065666667,0.006831008,0.118266667,0.012680641,spring,National Park ,Karoo National Park,859
117,KAR,KAR_C04,2018-08-20,2018-11-21,93,-32.27741,22.31083,Cuddeback - 1347,White,KARROID BROKEN VELD,Nama Karoo,883.26,1979,0.072983333,0.006259846,0.134383333,0.014529751,spring,National Park ,Karoo National Park,859
118,KAR,KAR_D01,2018-08-20,2018-11-17,89,-32.30053,22.24385,Cuddeback - 1347,White,KARROID BROKEN VELD,Nama Karoo,883.26,1979,0.057416667,0.00575549,0.097666667,0.00759728,spring,National Park ,Karoo National Park,844
119,KAR,KAR_D02,2018-08-20,2018-11-03,75,-32.29711,22.26977,Cuddeback - 1347,White,KARROID BROKEN VELD,Nama Karoo,883.26,1979,0.060766667,0.005442303,0.107583333,0.012894404,spring,National Park ,Karoo National Park,859
120,KAR,KAR_D03,2018-08-20,2018-11-19,91,-32.29776,22.29542,Cuddeback - 1347,White,KARROID BROKEN VELD,Nama Karoo,883.26,1979,0.062916667,0.006893306,0.11635,0.013409661,spring,National Park ,Karoo National Park,859
121,KAR,KAR_D04,2018-08-20,2018-11-20,92,-32.30107,22.32058,Cuddeback - 1347,White,KARROID BROKEN VELD,Nama Karoo,883.26,1979,0.064733333,0.004320957,0.120583333,0.011345557,spring,National Park ,Karoo National Park,859
122,KAR,KAR_E01,2018-08-20,2018-11-17,89,-32.31821,22.24697,Cuddeback - 1347,White,KARROID BROKEN VELD,Nama Karoo,883.26,1979,0.078516667,0.00735348,0.122466667,0.016327237,spring,National Park ,Karoo National Park,844
123,KAR,KAR_E02,2018-08-20,2018-10-22,63,-32.31995,22.26568,Cuddeback - 1347,White,KARROID BROKEN VELD,Nama Karoo,883.26,1979,0.050733333,0.002596665,0.096483333,0.007050508,spring,National Park ,Karoo National Park,859
124,KAR,KAR_E03,2018-08-20,2018-11-21,93,-32.31567,22.29582,Cuddeback - 1347,White,KARROID BROKEN VELD,Nama Karoo,883.26,1979,0.086133333,0.003773946,0.156383333,0.010840926,spring,National Park ,Karoo National Park,859
125,KAR,KAR_F01,2018-08-20,2018-11-17,89,-32.33867,22.24233,Cuddeback - 1347,White,KARROID BROKEN VELD,Nama Karoo,883.26,1979,0.0837,0.003411744,0.13,0.010075316,spring,National Park ,Karoo National Park,766
126,KAR,KAR_F02,2018-08-20,2018-11-11,83,-32.34151,22.26781,Cuddeback - 1347,White,KARROID BROKEN VELD,Nama Karoo,883.26,1979,0.06875,0.00446755,0.13045,0.011287294,spring,National Park ,Karoo National Park,804
127,KAR,KAR_F03,2018-08-20,2018-11-20,92,-32.33839,22.29429,Cuddeback - 1347,White,KARROID BROKEN VELD,Nama Karoo,883.26,1979,0.0824,0.00256125,0.1376,0.007493731,spring,National Park ,Karoo National Park,804
128,KGA,KGA_A01,2018-11-27,2019-02-28,93,-26.11928,20.67034,Cuddeback,White,KALAHARI THORNVELD AND SHRUB BUSHVELD,Savanna,38000,1931,0.1269,0.00226495,0.1808,0.001671825,spring-summer,National Park ,Kgalagadi Transfrontier Park,926
129,KGA,KGA_A02,2018-11-27,2019-01-29,63,-26.10414,20.68416,Cuddeback,White,KALAHARI THORNVELD AND SHRUB BUSHVELD,Savanna,38000,1931,0.11808,0.004509656,0.17566,0.00709528,spring-summer,National Park ,Kgalagadi Transfrontier Park,926
130,KGA,KGA_A03,2018-11-27,2019-02-13,78,-26.0899,20.70233,Cuddeback,White,KALAHARI THORNVELD AND SHRUB BUSHVELD,Savanna,38000,1931,0.1153,0.002581666,0.17396,0.005742212,spring-summer,National Park ,Kgalagadi Transfrontier Park,926
131,KGA,KGA_A04,2018-11-27,2019-01-30,64,-26.0802,20.72246,Cuddeback,White,KALAHARI THORNVELD AND SHRUB BUSHVELD,Savanna,38000,1931,0.11432,0.005640213,0.16406,0.004785708,spring-summer,National Park ,Kgalagadi Transfrontier Park,933
132,KGA,KGA_A05,2018-11-27,2019-02-28,93,-26.07167,20.74342,Cuddeback,White,KALAHARI THORNVELD AND SHRUB BUSHVELD,Savanna,38000,1931,0.1116,0.005123963,0.16504,0.005252428,spring-summer,National Park ,Kgalagadi Transfrontier Park,933
133,KGA,KGA_A06,2018-11-27,2019-02-27,92,-26.05358,20.74994,Cuddeback,White,KALAHARI THORNVELD AND SHRUB BUSHVELD,Savanna,38000,1931,0.10754,0.003421695,0.15862,0.005642872,spring-summer,National Park ,Kgalagadi Transfrontier Park,933
134,KGA,KGA_A07,2018-11-27,2019-03-01,94,-26.04046,20.73268,Cuddeback,White,KALAHARI THORNVELD AND SHRUB BUSHVELD,Savanna,38000,1931,0.11098,0.001975348,0.16176,0.003620497,spring-summer,National Park ,Kgalagadi Transfrontier Park,933
135,KGA,KGA_A08,2018-11-27,2019-02-14,79,-26.02861,20.71488,Cuddeback,White,KALAHARI THORNVELD AND SHRUB BUSHVELD,Savanna,38000,1931,0.1113,0.002289105,0.15914,0.002173246,spring-summer,National Park ,Kgalagadi Transfrontier Park,933
136,KGA,KGA_A09,2018-11-27,2019-02-28,93,-26.01258,20.69555,Cuddeback,White,KALAHARI THORNVELD AND SHRUB BUSHVELD,Savanna,38000,1931,0.10954,0.004114973,0.15614,0.003543021,spring-summer,National Park ,Kgalagadi Transfrontier Park,933
137,KGA,KGA_A10,2018-11-27,2019-02-28,93,-26.00097,20.67547,Cuddeback,White,KALAHARI THORNVELD AND SHRUB BUSHVELD,Savanna,38000,1931,0.10952,0.002149884,0.15412,0.003320693,spring-summer,National Park ,Kgalagadi Transfrontier Park,933
138,KGA,KGA_A11,2018-11-27,2019-03-01,94,-25.99331,20.65285,Cuddeback,White,KALAHARI THORNVELD AND SHRUB BUSHVELD,Savanna,38000,1931,0.11478,0.00358148,0.16886,0.004384404,spring-summer,National Park ,Kgalagadi Transfrontier Park,941
139,KGA,KGA_B01,2018-11-27,2019-02-28,93,-26.35291,20.59052,Cuddeback,White,KALAHARI THORNVELD AND SHRUB BUSHVELD,Savanna,38000,1931,0.11662,0.004914977,0.17724,0.007649706,spring-summer,National Park ,Kgalagadi Transfrontier Park,900
140,KGA,KGA_B02,2018-11-27,2019-02-23,88,-26.34184,20.57242,Cuddeback,White,KALAHARI THORNVELD AND SHRUB BUSHVELD,Savanna,38000,1931,0.1186,0.006153454,0.18246,0.005980635,spring-summer,National Park ,Kgalagadi Transfrontier Park,910
141,KGA,KGA_B03,2018-11-27,2019-02-02,67,-26.33103,20.55291,Cuddeback,White,KALAHARI THORNVELD AND SHRUB BUSHVELD,Savanna,38000,1931,0.11382,0.003299545,0.18242,0.008702413,spring-summer,National Park ,Kgalagadi Transfrontier Park,912
142,KGA,KGA_B04,2018-11-27,2019-02-25,90,-26.31919,20.53468,Cuddeback,White,KALAHARI THORNVELD AND SHRUB BUSHVELD,Savanna,38000,1931,0.10608,0.004334397,0.17434,0.004620931,spring-summer,National Park ,Kgalagadi Transfrontier Park,912
143,KGA,KGA_B05,2018-11-27,2019-02-23,88,-26.30858,20.51445,Cuddeback,White,KALAHARI THORNVELD AND SHRUB BUSHVELD,Savanna,38000,1931,0.10924,0.004046974,0.17508,0.004124561,spring-summer,National Park ,Kgalagadi Transfrontier Park,912
144,KGA,KGA_B06,2018-11-27,2019-02-23,88,-26.29181,20.50114,Cuddeback,White,KALAHARI THORNVELD AND SHRUB BUSHVELD,Savanna,38000,1931,0.1024,0.003299242,0.16926,0.003655544,spring-summer,National Park ,Kgalagadi Transfrontier Park,912
145,KGA,KGA_B07,2018-11-27,2019-03-01,94,-26.27892,20.48619,Cuddeback,White,KALAHARI THORNVELD AND SHRUB BUSHVELD,Savanna,38000,1931,0.10956,0.005649602,0.17776,0.003748733,spring-summer,National Park ,Kgalagadi Transfrontier Park,923
146,KGA,KGA_B08,2018-11-27,2019-02-25,90,-26.25788,20.48765,Cuddeback,White,KALAHARI THORNVELD AND SHRUB BUSHVELD,Savanna,38000,1931,0.11956,0.008025771,0.18752,0.006165793,spring-summer,National Park ,Kgalagadi Transfrontier Park,923
147,KGA,KGA_B09,2018-11-27,2019-03-01,94,-26.23823,20.486,Cuddeback,White,KALAHARI THORNVELD AND SHRUB BUSHVELD,Savanna,38000,1931,0.1275,0.002969007,0.193,0.005876223,spring-summer,National Park ,Kgalagadi Transfrontier Park,927
148,KHA,KHA_A03,2018-10-02,2018-12-01,60,-25.50637,23.28768,Cuddeback,Black,KALAHARI THORNVELD AND SHRUB BUSHVELD,Savanna,905.16,2007,0.13368,0.007151014,0.19142,0.01269496,spring,Private reserve,Khamab Kalahari Game Reserve,1036
149,KHA,KHA_A04,2018-10-02,2018-10-27,25,-25.5039,23.30751,Cuddeback,Black,KALAHARI THORNVELD AND SHRUB BUSHVELD,Savanna,905.16,2007,0.13334,0.006183284,0.20214,0.007979536,spring,Private reserve,Khamab Kalahari Game Reserve,1036
150,KHA,KHA_A05,2018-10-02,2018-11-20,49,-25.50513,23.32901,Cuddeback,Black,KALAHARI THORNVELD AND SHRUB BUSHVELD,Savanna,905.16,2007,0.12934,0.004387824,0.19626,0.005668157,spring,Private reserve,Khamab Kalahari Game Reserve,1036
151,KHA,KHA_B02,2018-10-02,2018-10-13,11,-25.52772,23.26448,Cuddeback,Black,KALAHARI THORNVELD AND SHRUB BUSHVELD,Savanna,905.16,2007,0.13268,0.003084964,0.20516,0.004013477,spring,Private reserve,Khamab Kalahari Game Reserve,1036
152,KHA,KHA_B03,2018-10-02,2018-11-28,57,-25.52786,23.2861,Cuddeback,Black,KALAHARI THORNVELD AND SHRUB BUSHVELD,Savanna,905.16,2007,0.12252,0.005551756,0.18524,0.005838065,spring,Private reserve,Khamab Kalahari Game Reserve,1036
153,KHA,KHA_B04,2018-10-02,2018-12-02,61,-25.5276,23.30802,Cuddeback,Black,KALAHARI THORNVELD AND SHRUB BUSHVELD,Savanna,905.16,2007,0.1308,0.003419064,0.1952,0.003336915,spring,Private reserve,Khamab Kalahari Game Reserve,1036
154,KHA,KHA_B05,2018-10-02,2018-11-20,49,-25.52451,23.32966,Cuddeback,Black,KALAHARI THORNVELD AND SHRUB BUSHVELD,Savanna,905.16,2007,0.12828,0.00318308,0.1893,0.003938274,spring,Private reserve,Khamab Kalahari Game Reserve,1036
155,KHA,KHA_B06,2018-10-02,2018-10-08,6,-25.52157,23.3529,Cuddeback,Black,KALAHARI THORNVELD AND SHRUB BUSHVELD,Savanna,905.16,2007,0.13076,0.007646437,0.18308,0.009147513,spring,Private reserve,Khamab Kalahari Game Reserve,1041
156,KHA,KHA_C02,2018-10-01,2018-10-30,29,-25.54675,23.26413,Cuddeback,Black,KALAHARI THORNVELD AND SHRUB BUSHVELD,Savanna,905.16,2007,0.12644,0.003407785,0.19898,0.004764137,spring,Private reserve,Khamab Kalahari Game Reserve,1036
157,KHA,KHA_C03,2018-10-02,2018-10-13,11,-25.54402,23.28675,Cuddeback,Black,KALAHARI THORNVELD AND SHRUB BUSHVELD,Savanna,905.16,2007,0.12556,0.003289833,0.19266,0.004329896,spring,Private reserve,Khamab Kalahari Game Reserve,1036
158,KHA,KHA_C04,2018-10-02,2018-11-22,51,-25.54749,23.30939,Cuddeback,Black,KALAHARI THORNVELD AND SHRUB BUSHVELD,Savanna,905.16,2007,0.13558,0.003229861,0.18862,0.005403425,spring,Private reserve,Khamab Kalahari Game Reserve,1036
159,KHA,KHA_C05,2018-10-01,2018-11-20,50,-25.54537,23.33054,Cuddeback,Black,KALAHARI THORNVELD AND SHRUB BUSHVELD,Savanna,905.16,2007,0.13686,0.005002799,0.19218,0.00472197,spring,Private reserve,Khamab Kalahari Game Reserve,1036
160,KHA,KHA_C06,2018-10-01,2018-10-27,26,-25.54432,23.3519,Cuddeback,Black,KALAHARI THORNVELD AND SHRUB BUSHVELD,Savanna,905.16,2007,0.13462,0.009300376,0.19512,0.003812742,spring,Private reserve,Khamab Kalahari Game Reserve,1041
161,KHA,KHA_D02,2018-10-01,2018-11-25,55,-25.5673,23.26616,Cuddeback,Black,KALAHARI THORNVELD AND SHRUB BUSHVELD,Savanna,905.16,2007,0.13324,0.003311042,0.20962,0.003048278,spring,Private reserve,Khamab Kalahari Game Reserve,1036
162,KHA,KHA_D03,2018-10-01,2018-10-21,20,-25.56493,23.28529,Cuddeback,Black,KALAHARI THORNVELD AND SHRUB BUSHVELD,Savanna,905.16,2007,0.12646,0.006413501,0.20876,0.007820997,spring,Private reserve,Khamab Kalahari Game Reserve,1036
163,KHA,KHA_D04,2018-10-01,2018-11-26,56,-25.56418,23.30806,Cuddeback,Black,KALAHARI THORNVELD AND SHRUB BUSHVELD,Savanna,905.16,2007,0.12582,0.004079461,0.20092,0.003273683,spring,Private reserve,Khamab Kalahari Game Reserve,1036
164,KHA,KHA_D05,2018-10-01,2018-11-27,57,-25.56578,23.33195,Cuddeback,Black,KALAHARI THORNVELD AND SHRUB BUSHVELD,Savanna,905.16,2007,0.12872,0.006200564,0.20324,0.005070306,spring,Private reserve,Khamab Kalahari Game Reserve,1036
165,KHA,KHA_D06,2018-10-01,2018-11-12,42,-25.56509,23.35288,Cuddeback,Black,KALAHARI THORNVELD AND SHRUB BUSHVELD,Savanna,905.16,2007,0.12904,0.005163623,0.18938,0.009501158,spring,Private reserve,Khamab Kalahari Game Reserve,1041
166,KHA,KHA_E03,2018-10-02,2018-10-31,29,-25.58684,23.28916,Cuddeback,Black,KALAHARI THORNVELD AND SHRUB BUSHVELD,Savanna,905.16,2007,0.13382,0.003279787,0.19494,0.005343501,spring,Private reserve,Khamab Kalahari Game Reserve,1040
167,KHA,KHA_E04,2018-10-02,2018-10-18,16,-25.58589,23.30986,Cuddeback,Black,KALAHARI THORNVELD AND SHRUB BUSHVELD,Savanna,905.16,2007,0.1283,0.003542598,0.20066,0.005801121,spring,Private reserve,Khamab Kalahari Game Reserve,1040
168,KRU,KRU_1,2019-02-15,2019-04-09,53,-23.7765,31.72061,Cuddeback,Black,MOPANI VELD,Savanna,19485,1926,0.253828571,0.034323545,0.4395,0.055523869,autumn,National Park ,Kruger National Park,395
169,KRU,KRU_10,2019-02-15,2019-05-12,86,-23.83964,31.62894,Cuddeback,Black,MOPANI VELD,Savanna,19485,1926,0.2555,0.061696326,0.4651,0.061958158,autumn,National Park ,Kruger National Park,242
170,KRU,KRU_11,2019-02-15,2019-05-10,84,-23.85444,31.60325,Cuddeback,Black,MOPANI VELD,Savanna,19485,1926,0.244385714,0.042659834,0.437442857,0.050773184,autumn,National Park ,Kruger National Park,242
171,KRU,KRU_12,2019-02-15,2019-04-09,53,-23.89103,31.61825,Cuddeback,Black,MOPANI VELD,Savanna,19485,1926,0.272957143,0.065000637,0.489828571,0.066845636,autumn,National Park ,Kruger National Park,242
172,KRU,KRU_13,2019-02-15,2019-03-23,36,-23.93678,31.64139,Cuddeback,Black,MOPANI VELD,Savanna,19485,1926,0.274471429,0.058408696,0.505414286,0.05525002,autumn,National Park ,Kruger National Park,271
173,KRU,KRU_14,2019-02-15,2019-03-31,44,-23.97881,31.66164,Cuddeback,Black,ARID LOWVELD,Savanna,19485,1926,0.3134,0.044369847,0.5466,0.048837451,autumn,National Park ,Kruger National Park,271
174,KRU,KRU_15,2019-02-15,2019-04-22,66,-23.99203,31.64292,Cuddeback,Black,ARID LOWVELD,Savanna,19485,1926,0.2893,0.036101247,0.524328571,0.044599802,autumn,National Park ,Kruger National Park,271
175,KRU,KRU_16,2019-02-15,2019-03-12,25,-23.95747,31.62417,Cuddeback,Black,ARID LOWVELD,Savanna,19485,1926,0.281342857,0.046520134,0.506871429,0.046677858,autumn,National Park ,Kruger National Park,271
176,KRU,KRU_18,2019-02-15,2019-04-01,45,-23.94189,31.58772,Cuddeback,Black,MOPANI VELD,Savanna,19485,1926,0.263628571,0.055503985,0.510214286,0.080639991,autumn,National Park ,Kruger National Park,271
177,KRU,KRU_19,2019-02-15,2019-03-28,41,-23.90008,31.58814,Cuddeback,Black,MOPANI VELD,Savanna,19485,1926,0.2684,0.077138966,0.471471429,0.090041078,autumn,National Park ,Kruger National Park,242
178,KRU,KRU_2,2019-02-15,2019-05-11,85,-23.83172,31.73919,Cuddeback,Black,MOPANI VELD,Savanna,19485,1926,0.301285714,0.048462131,0.533971429,0.05388691,autumn,National Park ,Kruger National Park,395
179,KRU,KRU_20,2019-02-15,2019-04-06,50,-23.89228,31.5515,Cuddeback,Black,MOPANI VELD,Savanna,19485,1926,0.250457143,0.063732955,0.448371429,0.068754872,autumn,National Park ,Kruger National Park,276
180,KRU,KRU_22,2019-02-15,2019-04-30,74,-23.97136,31.56558,Cuddeback,Black,ARID LOWVELD,Savanna,19485,1926,0.277742857,0.057971541,0.464228571,0.07795466,autumn,National Park ,Kruger National Park,319
181,KRU,KRU_23,2019-02-15,2019-05-07,81,-23.99192,31.58197,Cuddeback,Black,ARID LOWVELD,Savanna,19485,1926,0.292914286,0.028533631,0.523771429,0.024055402,autumn,National Park ,Kruger National Park,319
182,KRU,KRU_24,2019-02-15,2019-04-06,50,-24.01478,31.586,Cuddeback,Black,ARID LOWVELD,Savanna,19485,1926,0.249571429,0.020607176,0.458557143,0.044507747,autumn,National Park ,Kruger National Park,240
183,KRU,KRU_25,2019-02-15,2019-04-29,73,-24.01367,31.61125,Cuddeback,Black,ARID LOWVELD,Savanna,19485,1926,0.241671429,0.029287467,0.475628571,0.034871273,autumn,National Park ,Kruger National Park,240
184,KRU,KRU_27,2019-02-15,2019-02-28,13,-23.92767,31.50025,Cuddeback,Black,MOPANI VELD,Savanna,19485,1926,0.273928571,0.058956303,0.4659,0.065885987,autumn,National Park ,Kruger National Park,319
185,KRU,KRU_28,2019-02-15,2019-03-15,28,-23.93767,31.47731,Cuddeback,Black,MOPANI VELD,Savanna,19485,1926,0.289671429,0.066436378,0.462628571,0.066663251,autumn,National Park ,Kruger National Park,345
186,KRU,KRU_29,2019-02-15,2019-03-25,38,-23.97522,31.59853,Cuddeback,Black,ARID LOWVELD,Savanna,19485,1926,0.274257143,0.061556176,0.496942857,0.062117305,autumn,National Park ,Kruger National Park,271
187,KRU,KRU_3,2019-02-15,2019-04-12,56,-23.84517,31.71886,Cuddeback,Black,MOPANI VELD,Savanna,19485,1926,0.305842857,0.064106444,0.548985714,0.092964176,autumn,National Park ,Kruger National Park,349
188,KRU,KRU_30,2019-02-15,2019-04-28,72,-23.97433,31.52364,Cuddeback,Black,ARID LOWVELD,Savanna,19485,1926,0.319957143,0.050757326,0.527228571,0.05305157,autumn,National Park ,Kruger National Park,319
189,KRU,KRU_34,2019-02-15,2019-04-12,56,-23.97814,31.45736,Cuddeback,Black,ARID LOWVELD,Savanna,19485,1926,0.302185714,0.059139085,0.461228571,0.071046809,autumn,National Park ,Kruger National Park,345
190,KRU,KRU_35,2019-02-15,2019-04-04,48,-23.98008,31.4165,Cuddeback,Black,ARID LOWVELD,Savanna,19485,1926,0.291957143,0.041462226,0.455371429,0.043187101,autumn,National Park ,Kruger National Park,364
191,KRU,KRU_36,2019-02-15,2019-05-08,82,-24.00356,31.38025,Cuddeback,Black,ARID LOWVELD,Savanna,19485,1926,0.2881,0.048023709,0.473142857,0.060766571,autumn,National Park ,Kruger National Park,305
192,KRU,KRU_4,2019-02-15,2019-03-27,40,-23.81906,31.68189,Cuddeback,Black,MOPANI VELD,Savanna,19485,1926,0.2958,0.055402888,0.496242857,0.057342592,autumn,National Park ,Kruger National Park,395
193,KRU,KRU_41,2019-02-15,2019-04-22,66,-23.95869,31.75844,Cuddeback,Black,ARID LOWVELD,Savanna,19485,1926,0.300371429,0.069057505,0.517414286,0.064719405,autumn,National Park ,Kruger National Park,228
194,KRU,KRU_42,2019-02-15,2019-04-11,55,-23.98069,31.77669,Cuddeback,Black,ARID LOWVELD,Savanna,19485,1926,0.249528571,0.055818178,0.4567,0.076017805,autumn,National Park ,Kruger National Park,228
195,KRU,KRU_43,2019-02-15,2019-03-02,15,-23.98986,31.75025,Cuddeback,Black,ARID LOWVELD,Savanna,19485,1926,0.252171429,0.052766963,0.455142857,0.056249174,autumn,National Park ,Kruger National Park,228
196,KRU,KRU_44,2019-02-15,2019-04-29,73,-23.99092,31.73111,Cuddeback,Black,ARID LOWVELD,Savanna,19485,1926,0.253214286,0.046812798,0.459314286,0.064642618,autumn,National Park ,Kruger National Park,236
197,KRU,KRU_45,2019-02-15,2019-05-08,82,-23.96158,31.72936,Cuddeback,Black,ARID LOWVELD,Savanna,19485,1926,0.273471429,0.033609012,0.490085714,0.036203887,autumn,National Park ,Kruger National Park,236
198,KRU,KRU_46,2019-02-15,2019-04-19,63,-24.00094,31.69,Cuddeback,Black,ARID LOWVELD,Savanna,19485,1926,0.3014,0.054764891,0.515242857,0.06340507,autumn,National Park ,Kruger National Park,220
199,KRU,KRU_47,2019-02-15,2019-03-14,27,-24.01586,31.66889,Cuddeback,Black,ARID LOWVELD,Savanna,19485,1926,0.272442857,0.037891374,0.4921,0.038763041,autumn,National Park ,Kruger National Park,220
200,KRU,KRU_48,2019-02-15,2019-05-13,87,-24.05803,31.68953,Cuddeback,Black,ARID LOWVELD,Savanna,19485,1926,0.232014286,0.032713424,0.425071429,0.051473285,autumn,National Park ,Kruger National Park,220
201,KRU,KRU_49,2019-02-15,2019-04-30,74,-24.04831,31.73161,Cuddeback,Black,ARID LOWVELD,Savanna,19485,1926,0.199742857,0.023297271,0.3754,0.033414069,autumn,National Park ,Kruger National Park,220
202,KRU,KRU_5,2019-02-15,2019-03-11,24,-23.87175,31.7575,Cuddeback,Black,MOPANI VELD,Savanna,19485,1926,0.284185714,0.048573567,0.509514286,0.04740782,autumn,National Park ,Kruger National Park,310
203,KRU,KRU_6,2019-02-15,2019-05-01,75,-23.87178,31.75747,Cuddeback,Black,MOPANI VELD,Savanna,19485,1926,0.284185714,0.048573567,0.509514286,0.04740782,autumn,National Park ,Kruger National Park,310
204,KRU,KRU_7,2019-02-15,2019-05-14,88,-23.94036,31.73233,Cuddeback,Black,ARID LOWVELD,Savanna,19485,1926,0.272128571,0.054754839,0.4816,0.067885541,autumn,National Park ,Kruger National Park,236
205,KRU,KRU_8,2019-02-15,2019-05-12,86,-23.91528,31.69239,Cuddeback,Black,MOPANI VELD,Savanna,19485,1926,0.209414286,0.037352395,0.365614286,0.044425834,autumn,National Park ,Kruger National Park,349
206,KRU,KRU_9,2019-02-15,2019-05-09,83,-23.88089,31.64386,Cuddeback,Black,MOPANI VELD,Savanna,19485,1926,0.261142857,0.049785167,0.4748,0.056764484,autumn,National Park ,Kruger National Park,242
207,MAD,MAD_A03,2018-07-07,2018-10-08,93,-24.66725,26.33113,Cuddeback,Black,KALAHARI THORNVELD AND SHRUB BUSHVELD,Savanna,614.26,1991,0.160271429,0.032459242,0.315057143,0.071459332,winter-spring,Provintial Reserve,Madikwe Game Reserve,1027
208,MAD,MAD_A04,2018-07-07,2018-10-08,93,-24.6697,26.34982,Cuddeback,Black,KALAHARI THORNVELD AND SHRUB BUSHVELD,Savanna,614.26,1991,0.1565,0.030584582,0.299957143,0.059075343,winter-spring,Provintial Reserve,Madikwe Game Reserve,964
209,MAD,MAD_A05,2018-07-07,2018-10-07,92,-24.66774,26.37113,Cuddeback,Black,KALAHARI THORNVELD AND SHRUB BUSHVELD,Savanna,614.26,1991,0.141528571,0.017085151,0.273271429,0.034674473,winter-spring,Provintial Reserve,Madikwe Game Reserve,964
210,MAD,MAD_A06,2018-07-07,2018-10-08,93,-24.66882,26.39393,Cuddeback,Black,ARID SWEET BUSHVELD,Savanna,614.26,1991,0.128642857,0.014590277,0.2443,0.026863234,winter-spring,Provintial Reserve,Madikwe Game Reserve,964
211,MAD,MAD_B03,2018-07-07,2018-10-08,93,-24.68983,26.32986,Cuddeback,Black,KALAHARI THORNVELD AND SHRUB BUSHVELD,Savanna,614.26,1991,0.1734,0.024338721,0.298257143,0.053256357,winter-spring,Provintial Reserve,Madikwe Game Reserve,1027
212,MAD,MAD_B04,2018-07-07,2018-10-08,93,-24.68983,26.35063,Cuddeback,Black,KALAHARI THORNVELD AND SHRUB BUSHVELD,Savanna,614.26,1991,0.136557143,0.019589781,0.2857,0.050050341,winter-spring,Provintial Reserve,Madikwe Game Reserve,964
213,MAD,MAD_B05,2018-07-07,2018-10-08,93,-24.68788,26.37236,Cuddeback,Black,KALAHARI THORNVELD AND SHRUB BUSHVELD,Savanna,614.26,1991,0.148971429,0.018172389,0.266957143,0.038565998,winter-spring,Provintial Reserve,Madikwe Game Reserve,964
214,MAD,MAD_B06,2018-07-07,2018-10-08,93,-24.68812,26.39476,Cuddeback,Black,KALAHARI THORNVELD AND SHRUB BUSHVELD,Savanna,614.26,1991,0.136914286,0.014524167,0.245242857,0.028276778,winter-spring,Provintial Reserve,Madikwe Game Reserve,964
215,MAD,MAD_C04,2018-07-07,2018-10-08,93,-24.7086,26.34894,Cuddeback,Black,KALAHARI THORNVELD AND SHRUB BUSHVELD,Savanna,614.26,1991,0.1723,0.029662041,0.321914286,0.062388071,winter-spring,Provintial Reserve,Madikwe Game Reserve,964
216,MAD,MAD_C05,2018-07-07,2018-10-08,93,-24.70683,26.37296,Cuddeback,Black,KALAHARI THORNVELD AND SHRUB BUSHVELD,Savanna,614.26,1991,0.155314286,0.015085471,0.279585714,0.040235284,winter-spring,Provintial Reserve,Madikwe Game Reserve,964
217,MAD,MAD_C06,2018-07-07,2018-10-08,93,-24.71081,26.39456,Cuddeback,Black,KALAHARI THORNVELD AND SHRUB BUSHVELD,Savanna,614.26,1991,0.139942857,0.014341531,0.264242857,0.032426474,winter-spring,Provintial Reserve,Madikwe Game Reserve,964
218,MAD,MAD_C07,2018-07-07,2018-10-08,93,-24.70953,26.41677,Cuddeback,Black,MIXED BUSHVELD,Savanna,614.26,1991,0.131328571,0.011273969,0.245057143,0.023920692,winter-spring,Provintial Reserve,Madikwe Game Reserve,957
219,MAD,MAD_D03,2018-07-07,2018-10-04,89,-24.72961,26.32737,Cuddeback,Black,KALAHARI THORNVELD AND SHRUB BUSHVELD,Savanna,614.26,1991,0.152914286,0.031485151,0.283142857,0.063508578,winter-spring,Provintial Reserve,Madikwe Game Reserve,1027
220,MAD,MAD_D04,2018-07-07,2018-10-08,93,-24.72961,26.35212,Cuddeback,Black,MIXED BUSHVELD,Savanna,614.26,1991,0.162528571,0.028851442,0.3093,0.0601915,winter-spring,Provintial Reserve,Madikwe Game Reserve,964
221,MAD,MAD_D05,2018-07-07,2018-10-07,92,-24.73157,26.37519,Cuddeback,Black,MIXED BUSHVELD,Savanna,614.26,1991,0.163314286,0.020947031,0.297485714,0.04680874,winter-spring,Provintial Reserve,Madikwe Game Reserve,964
222,MAD,MAD_D06,2018-07-07,2018-10-06,91,-24.72846,26.39541,Cuddeback,Black,MIXED BUSHVELD,Savanna,614.26,1991,0.159528571,0.01534663,0.281628571,0.032518032,winter-spring,Provintial Reserve,Madikwe Game Reserve,964
223,MAD,MAD_D07,2018-07-07,2018-10-08,93,-24.72942,26.41559,Cuddeback,Black,MIXED BUSHVELD,Savanna,614.26,1991,0.117785714,0.012203473,0.245328571,0.024970497,winter-spring,Provintial Reserve,Madikwe Game Reserve,964
224,MAD,MAD_E04,2018-07-07,2018-10-08,93,-24.75103,26.34968,Cuddeback,Black,MIXED BUSHVELD,Savanna,614.26,1991,0.160357143,0.035588428,0.292357143,0.05654343,winter-spring,Provintial Reserve,Madikwe Game Reserve,1053
225,MAD,MAD_E06,2018-07-07,2018-10-07,92,-24.75061,26.3965,Cuddeback,Black,MIXED BUSHVELD,Savanna,614.26,1991,0.1709,0.02982471,0.322057143,0.045181481,winter-spring,Provintial Reserve,Madikwe Game Reserve,1053
226,MAD,MAD_E07,2018-07-07,2018-10-04,89,-24.74914,26.41641,Cuddeback,Black,MIXED BUSHVELD,Savanna,614.26,1991,0.146228571,0.012352829,0.292785714,0.030917602,winter-spring,Provintial Reserve,Madikwe Game Reserve,964
227,MAD,MAD_F03,2018-07-07,2018-09-28,83,-24.77276,26.19587,Cuddeback,Black,MIXED BUSHVELD,Savanna,614.26,1991,0.1474,0.022830243,0.293771429,0.051087073,winter-spring,Provintial Reserve,Madikwe Game Reserve,1151
228,MAD,MAD_F04,2018-07-07,2018-10-06,91,-24.76886,26.21653,Cuddeback,Black,MIXED BUSHVELD,Savanna,614.26,1991,0.147,0.023817291,0.276085714,0.047063589,winter-spring,Provintial Reserve,Madikwe Game Reserve,1151
229,MAD,MAD_F05,2018-07-07,2018-10-06,91,-24.77128,26.2366,Cuddeback,Black,MIXED BUSHVELD,Savanna,614.26,1991,0.161842857,0.027647957,0.312171429,0.065814961,winter-spring,Provintial Reserve,Madikwe Game Reserve,1151
230,MAD,MAD_G04,2018-07-07,2018-10-08,93,-24.78891,26.21991,Cuddeback,Black,MIXED BUSHVELD,Savanna,614.26,1991,0.165214286,0.026516626,0.3182,0.059623234,winter-spring,Provintial Reserve,Madikwe Game Reserve,1151
231,MAD,MAD_G05,2018-07-07,2018-10-05,90,-24.78618,26.24012,Cuddeback,Black,MIXED BUSHVELD,Savanna,614.26,1991,0.162928571,0.027559373,0.3183,0.06415845,winter-spring,Provintial Reserve,Madikwe Game Reserve,1151
232,MAD,MAD_G06,2018-07-07,2018-10-08,93,-24.78916,26.26214,Cuddeback,Black,MIXED BUSHVELD,Savanna,614.26,1991,0.153557143,0.02617084,0.309771429,0.062084075,winter-spring,Provintial Reserve,Madikwe Game Reserve,1111
233,MAD,MAD_G07,2018-07-07,2018-09-29,84,-24.79278,26.28168,Cuddeback,Black,MIXED BUSHVELD,Savanna,614.26,1991,0.152214286,0.021088973,0.315157143,0.054490117,winter-spring,Provintial Reserve,Madikwe Game Reserve,1111
234,MAD,MAD_G08,2018-07-07,2018-10-04,89,-24.79028,26.30385,Cuddeback,Black,MIXED BUSHVELD,Savanna,614.26,1991,0.1523,0.019103665,0.302414286,0.0440979,winter-spring,Provintial Reserve,Madikwe Game Reserve,1111
235,MAD,MAD_H04,2018-07-07,2018-09-03,58,-24.80938,26.21879,Cuddeback,Black,MIXED BUSHVELD,Savanna,614.26,1991,0.156785714,0.026219231,0.324957143,0.063417002,winter-spring,Provintial Reserve,Madikwe Game Reserve,1151
236,MAD,MAD_H05,2018-07-07,2018-10-07,92,-24.80932,26.24091,Cuddeback,Black,MIXED BUSHVELD,Savanna,614.26,1991,0.162085714,0.023726878,0.338328571,0.066574713,winter-spring,Provintial Reserve,Madikwe Game Reserve,1151
237,MAD,MAD_H06,2018-07-07,2018-10-08,93,-24.80924,26.26296,Cuddeback,Black,MIXED BUSHVELD,Savanna,614.26,1991,0.154157143,0.028454751,0.316671429,0.063037838,winter-spring,Provintial Reserve,Madikwe Game Reserve,1111
238,MAD,MAD_H07,2018-07-07,2018-07-11,4,-24.81144,26.28311,Cuddeback,Black,MIXED BUSHVELD,Savanna,614.26,1991,0.151128571,0.019490999,0.309042857,0.0496741,winter-spring,Provintial Reserve,Madikwe Game Reserve,1111
239,MAD,MAD_H08,2018-07-07,2018-10-08,93,-24.81243,26.30617,Cuddeback,Black,MIXED BUSHVELD,Savanna,614.26,1991,0.165185714,0.015507249,0.323685714,0.039575389,winter-spring,Provintial Reserve,Madikwe Game Reserve,1111
240,MAD,MAD_H09,2018-07-07,2018-10-07,92,-24.8115,26.32693,Cuddeback,Black,MIXED BUSHVELD,Savanna,614.26,1991,0.147414286,0.019677604,0.306742857,0.045229557,winter-spring,Provintial Reserve,Madikwe Game Reserve,1111
241,MAD,MAD_I04,2018-07-07,2018-10-08,93,-24.82969,26.21544,Cuddeback,Black,MIXED BUSHVELD,Savanna,614.26,1991,0.181642857,0.02499479,0.353942857,0.059523717,winter-spring,Provintial Reserve,Madikwe Game Reserve,1151
242,MAD,MAD_I05,2018-07-07,2018-10-08,93,-24.82754,26.23782,Cuddeback,Black,MIXED BUSHVELD,Savanna,614.26,1991,0.1684,0.023200287,0.313357143,0.050546937,winter-spring,Provintial Reserve,Madikwe Game Reserve,1151
243,MAD,MAD_I06,2018-07-07,2018-10-08,93,-24.82548,26.26108,Cuddeback,Black,MIXED BUSHVELD,Savanna,614.26,1991,0.161814286,0.020829981,0.307014286,0.044770654,winter-spring,Provintial Reserve,Madikwe Game Reserve,1111
244,MAD,MAD_I07,2018-07-07,2018-10-07,92,-24.82696,26.28328,Cuddeback,Black,MIXED BUSHVELD,Savanna,614.26,1991,0.159828571,0.021174333,0.3068,0.043118789,winter-spring,Provintial Reserve,Madikwe Game Reserve,1111
245,MAD,MAD_I08,2018-07-07,2018-10-07,92,-24.83261,26.30714,Cuddeback,Black,MIXED BUSHVELD,Savanna,614.26,1991,0.153257143,0.019411153,0.297357143,0.044288631,winter-spring,Provintial Reserve,Madikwe Game Reserve,1111
246,MAD,MAD_I09,2018-07-07,2018-10-05,90,-24.82819,26.32777,Cuddeback,Black,MIXED BUSHVELD,Savanna,614.26,1991,0.166928571,0.021358739,0.335628571,0.049274189,winter-spring,Provintial Reserve,Madikwe Game Reserve,1111
247,MTZ,MTZ_B04,2018-07-18,2018-07-31,13,-32.18353,25.41295,Scoutguard,White,DANTHONIA MOUNTAIN VELD REPLACED BY KAROO,Nama Karoo,213.81,1937,0.126214286,0.008795724,0.234957143,0.018577213,winter-spring,National Park ,Mountain Zebra National Park,1316
248,MTZ,MTZ_B05,2018-07-18,2018-08-25,38,-32.20826,25.41481,Scoutguard,White,DANTHONIA MOUNTAIN VELD REPLACED BY KAROO,Nama Karoo,213.81,1937,0.120342857,0.008591247,0.214685714,0.008177088,winter-spring,National Park ,Mountain Zebra National Park,1316
249,MTZ,MTZ_B08,2018-07-18,2018-09-14,58,-32.27938,25.4163,Cuddeback,Black,KARROID DANTHONIA MOUNTAIN VELD,Grassland,213.81,1937,0.142085714,0.007664078,0.302685714,0.026140609,winter-spring,National Park ,Mountain Zebra National Park,1601
250,MTZ,MTZ_C06,2018-07-18,2018-10-10,84,-32.23072,25.43576,Scoutguard,White,DANTHONIA MOUNTAIN VELD REPLACED BY KAROO,Grassland,213.81,1937,0.141014286,0.0112133,0.261657143,0.022813582,winter-spring,National Park ,Mountain Zebra National Park,1283
251,MTZ,MTZ_C07,2018-07-18,2018-10-15,89,-32.25661,25.43512,Scoutguard,White,KARROID DANTHONIA MOUNTAIN VELD,Grassland,213.81,1937,0.122271429,0.004331556,0.284728571,0.025302945,winter-spring,National Park ,Mountain Zebra National Park,1511
252,MTZ,MTZ_C08,2018-07-18,2018-10-13,87,-32.28169,25.4236,Cuddeback,Black,KARROID DANTHONIA MOUNTAIN VELD,Grassland,213.81,1937,0.140642857,0.014771127,0.280328571,0.025091215,winter-spring,National Park ,Mountain Zebra National Park,1511
253,MTZ,MTZ_D03,2018-07-18,2018-09-01,45,-32.15953,25.49458,Cuddeback,White,FALSE KARROID BROKEN VELD,Nama Karoo,213.81,1937,0.109485714,0.007830374,0.197857143,0.010698732,winter-spring,National Park ,Mountain Zebra National Park,1089
254,MTZ,MTZ_D04,2018-07-18,2018-10-13,87,-32.18498,25.45414,Scoutguard,White,FALSE KARROID BROKEN VELD,Nama Karoo,213.81,1937,0.124185714,0.012013108,0.222257143,0.014389795,winter-spring,National Park ,Mountain Zebra National Park,1283
255,MTZ,MTZ_D05,2018-07-18,2018-10-15,89,-32.2106,25.45783,Scoutguard,Strobe - White,FALSE KARROID BROKEN VELD,Nama Karoo,213.81,1937,0.117857143,0.010496485,0.240728571,0.020646446,winter-spring,National Park ,Mountain Zebra National Park,1283
256,MTZ,MTZ_D06,2018-07-18,2018-10-16,90,-32.23597,25.4554,Scoutguard,Strobe - White,FALSE KARROID BROKEN VELD,Nama Karoo,213.81,1937,0.124371429,0.012409904,0.294614286,0.012569199,winter-spring,National Park ,Mountain Zebra National Park,1283
257,MTZ,MTZ_D07,2018-07-18,2018-10-14,88,-32.25621,25.45482,Scoutguard,White,KARROID DANTHONIA MOUNTAIN VELD,Grassland,213.81,1937,0.144042857,0.013054738,0.333885714,0.027248757,winter-spring,National Park ,Mountain Zebra National Park,1511
258,MTZ,MTZ_E03,2018-07-18,2018-09-06,50,-32.16055,25.4747,Cuddeback,White,FALSE KARROID BROKEN VELD,Nama Karoo,213.81,1937,0.142885714,0.007529814,0.259,0.013285581,winter-spring,National Park ,Mountain Zebra National Park,1089
259,MTZ,MTZ_E04,2018-07-18,2018-10-15,89,-32.18495,25.47482,Scoutguard,White,FALSE KARROID BROKEN VELD,Nama Karoo,213.81,1937,0.143885714,0.012019072,0.262185714,0.01941558,winter-spring,National Park ,Mountain Zebra National Park,1283
260,MTZ,MTZ_E05,2018-07-18,2018-08-13,26,-32.20864,25.4748,Scoutguard,White,FALSE KARROID BROKEN VELD,Nama Karoo,213.81,1937,0.134985714,0.011065928,0.269285714,0.018826172,winter-spring,National Park ,Mountain Zebra National Park,1283
261,MTZ,MTZ_E06,2018-07-18,2018-08-16,29,-32.2329,25.47482,Scoutguard,White,FALSE KARROID BROKEN VELD,Grassland,213.81,1937,0.116957143,0.007571406,0.243585714,0.014835591,winter-spring,National Park ,Mountain Zebra National Park,1283
262,MTZ,MTZ_F04,2018-07-18,2018-08-04,17,-32.18385,25.49529,Scoutguard,White,FALSE KARROID BROKEN VELD,Nama Karoo,213.81,1937,0.118957143,0.009886499,0.2218,0.017423452,winter-spring,National Park ,Mountain Zebra National Park,1283
263,MTZ,MTZ_F05,2018-07-18,2018-10-13,87,-32.20861,25.49494,Scoutguard,Strobe - White,NAMAQUALAND BROKEN VELD,Succulent Karoo,213.81,1937,0.1112,0.006674079,0.214771429,0.012381265,winter-spring,National Park ,Mountain Zebra National Park,1284
264,MTZ,MTZ_G04,2018-07-18,2018-09-27,71,-32.18459,25.51562,Scoutguard,White,FALSE KARROID BROKEN VELD,Nama Karoo,213.81,1937,0.1145,0.010873822,0.2186,0.019396993,winter-spring,National Park ,Mountain Zebra National Park,1184
265,NAM,NAM_A01,2019-02-26,2019-04-28,61,-30.16191,17.75298,Cuddeback,Black,NAMAQUALAND BROKEN VELD,Fynbos,55000,2001,0.097266667,0.003186639,0.169016667,0.005371189,summer-autunm,National Park ,Namaqua National Park,675
266,NAM,NAM_A02,2019-02-26,2019-04-25,58,-30.14657,17.75787,Cuddeback,Black,NAMAQUALAND BROKEN VELD,Fynbos,55000,2001,0.104633333,0.005540277,0.213116667,0.012137778,summer-autunm,National Park ,Namaqua National Park,675
267,NAM,NAM_A03,2019-02-26,2019-05-01,64,-30.15698,17.73572,Cuddeback,Black,NAMAQUALAND BROKEN VELD,Fynbos,55000,2001,0.099416667,0.00527197,0.170366667,0.003754819,summer-autunm,National Park ,Namaqua National Park,382
268,NAM,NAM_A04,2019-02-26,2019-04-28,61,-30.14656,17.71934,Cuddeback,Black,NAMAQUALAND BROKEN VELD,Fynbos,55000,2001,0.1028,0.003309985,0.169716667,0.003943814,summer-autunm,National Park ,Namaqua National Park,382
269,NAM,NAM_A05,2019-02-26,2019-04-29,62,-30.13824,17.7027,Cuddeback,Black,NAMAQUALAND BROKEN VELD,Succulent Karoo,55000,2001,0.107533333,0.002699383,0.1651,0.005756388,summer-autunm,National Park ,Namaqua National Park,382
270,NAM,NAM_A06,2019-02-26,2019-04-16,49,-30.12051,17.6942,Cuddeback,Black,NAMAQUALAND BROKEN VELD,Succulent Karoo,55000,2001,0.10165,0.002696479,0.171866667,0.00615229,summer-autunm,National Park ,Namaqua National Park,382
271,NAM,NAM_A07,2019-02-26,2019-04-12,45,-30.11074,17.6775,Cuddeback,Black,NAMAQUALAND BROKEN VELD,Succulent Karoo,55000,2001,0.100383333,0.00338728,0.15615,0.004043142,summer-autunm,National Park ,Namaqua National Park,382
272,NAM,NAM_A08,2019-02-26,2019-05-03,66,-30.09779,17.66591,Cuddeback,Black,NAMAQUALAND BROKEN VELD,Succulent Karoo,55000,2001,0.098266667,0.00194285,0.165416667,0.002325009,summer-autunm,National Park ,Namaqua National Park,261
273,NAM,NAM_A09,2019-02-26,2019-04-29,62,-30.08312,17.65278,Cuddeback,Black,SUCCULENT KAROO,Succulent Karoo,55000,2001,0.0914,0.004240755,0.14985,0.004926561,summer-autunm,National Park ,Namaqua National Park,279
274,NAM,NAM_A10,2019-02-26,2019-03-04,6,-30.06282,17.65433,Cuddeback,Black,SUCCULENT KAROO,Succulent Karoo,55000,2001,0.089216667,0.002725741,0.1419,0.001266491,summer-autunm,National Park ,Namaqua National Park,279
275,NAM,NAM_A11,2019-02-26,2019-05-01,64,-30.05457,17.67382,Cuddeback,Black,NAMAQUALAND BROKEN VELD,Fynbos,55000,2001,0.0825,0.005453806,0.15995,0.002513762,summer-autunm,National Park ,Namaqua National Park,551
276,NAM,NAM_A12,2019-02-27,2019-04-28,60,-30.15042,17.69011,Cuddeback,Black,NAMAQUALAND BROKEN VELD,Succulent Karoo,55000,2001,0.082033333,0.003525715,0.142433333,0.007683142,summer-autunm,National Park ,Namaqua National Park,382
277,NAM,NAM_A13,2019-02-27,2019-05-14,76,-30.13839,17.6719,Cuddeback,Black,NAMAQUALAND BROKEN VELD,Succulent Karoo,55000,2001,0.10415,0.005630897,0.180433333,0.006838616,summer-autunm,National Park ,Namaqua National Park,382
278,NAM,NAM_A14,2019-02-27,2019-04-22,54,-30.12846,17.66018,Cuddeback,Black,NAMAQUALAND BROKEN VELD,Succulent Karoo,55000,2001,0.09985,0.005298585,0.160016667,0.0044535,summer-autunm,National Park ,Namaqua National Park,261
279,NAM,NAM_A16,2019-02-27,2019-03-30,31,-30.12596,17.6132,Cuddeback,Black,SUCCULENT KAROO,Succulent Karoo,55000,2001,0.095116667,0.003791262,0.151233333,0.002816144,summer-autunm,National Park ,Namaqua National Park,261
280,NAM,NAM_A17,2019-02-27,2019-03-11,12,-30.10578,17.61174,Cuddeback,Black,SUCCULENT KAROO,Succulent Karoo,55000,2001,0.095766667,0.003767581,0.14995,0.006161412,summer-autunm,National Park ,Namaqua National Park,261
281,NAM,NAM_A18,2019-02-27,2019-03-25,26,-30.0892,17.61819,Cuddeback,Black,SUCCULENT KAROO,Succulent Karoo,55000,2001,0.095933333,0.002536664,0.14565,0.003336915,summer-autunm,National Park ,Namaqua National Park,261
282,NAM,NAM_A19,2019-02-27,2019-03-30,31,-30.07925,17.6328,Cuddeback,Black,SUCCULENT KAROO,Succulent Karoo,55000,2001,0.098483333,0.00310317,0.15245,0.003422718,summer-autunm,National Park ,Namaqua National Park,279
283,NAM,NAM_A20,2019-02-27,2019-03-01,2,-30.06539,17.62456,Cuddeback,Black,SUCCULENT KAROO,Succulent Karoo,55000,2001,0.098733333,0.005011054,0.157616667,0.006439073,summer-autunm,National Park ,Namaqua National Park,279
284,PLN,PLN_A01,2018-02-22,2018-07-08,136,-25.16281,26.96686,Cuddeback,Black,SOURISH MIXED BUSHVELD,Savanna,493.26,1979,0.174428571,0.048390554,0.342714286,0.086105351,winter,Provintial Reserve,Pilanesberg National Park,1093
285,PLN,PLN_A02,2018-02-22,2018-07-02,130,-25.16086,27.02899,Cuddeback,Black,SOUR BUSHVELD,Savanna,493.26,1979,0.196085714,0.049183413,0.401642857,0.095925177,winter,Provintial Reserve,Pilanesberg National Park,1149
286,PLN,PLN_A03,2018-02-22,2018-06-19,117,-25.1775,27.04799,Cuddeback,Black,SOUR BUSHVELD,Savanna,493.26,1979,0.213728571,0.072493878,0.408728571,0.126394801,winter,Provintial Reserve,Pilanesberg National Park,1363
287,PLN,PLN_B01,2018-02-22,2018-05-26,93,-25.21823,26.99153,Cuddeback,Black,SOUR BUSHVELD,Savanna,493.26,1979,0.241385714,0.057294311,0.447642857,0.102122294,winter,Provintial Reserve,Pilanesberg National Park,1235
288,PLN,PLN_B02,2018-02-22,2018-06-24,122,-25.20867,27.02317,Cuddeback,Black,SOUR BUSHVELD,Savanna,493.26,1979,0.231242857,0.055578229,0.454185714,0.103583226,winter,Provintial Reserve,Pilanesberg National Park,1363
289,PLN,PLN_B03,2018-02-22,2018-06-29,127,-25.21794,27.06814,Cuddeback,Black,SOUR BUSHVELD,Savanna,493.26,1979,0.213257143,0.039924965,0.448557143,0.085335824,winter,Provintial Reserve,Pilanesberg National Park,1363
290,PLN,PLN_B04,2018-02-22,2018-07-17,145,-25.21194,27.12563,Cuddeback,Black,SOUR BUSHVELD,Savanna,493.26,1979,0.189228571,0.047360029,0.355171429,0.07593681,winter,Provintial Reserve,Pilanesberg National Park,1245
291,PLN,PLN_B05,2018-02-22,2018-07-14,142,-25.20306,27.16682,Cuddeback,Black,SOUR BUSHVELD,Savanna,493.26,1979,0.170342857,0.035232932,0.3779,0.076148692,winter,Provintial Reserve,Pilanesberg National Park,1155
292,PLN,PLN_C01,2018-02-22,2018-05-25,92,-25.25706,26.97546,Cuddeback,Black,SOUR BUSHVELD,Savanna,493.26,1979,0.214714286,0.057071371,0.448885714,0.110476776,winter,Provintial Reserve,Pilanesberg National Park,1184
293,PLN,PLN_C02,2018-02-22,2018-07-16,144,-25.26014,27.01797,Cuddeback,Black,SOUR BUSHVELD,Savanna,493.26,1979,0.195885714,0.049339687,0.388357143,0.091257508,winter,Provintial Reserve,Pilanesberg National Park,1275
294,PLN,PLN_C03,2018-02-22,2018-08-20,179,-25.25142,27.08037,Cuddeback,Black,SOUR BUSHVELD,Savanna,493.26,1979,0.172342857,0.03529886,0.302257143,0.061926216,winter,Provintial Reserve,Pilanesberg National Park,1275
295,PLN,PLN_C04,2018-02-22,2018-06-16,114,-25.25423,27.11968,Cuddeback,Black,SOUR BUSHVELD,Savanna,493.26,1979,0.133428571,0.044578983,0.324114286,0.088125846,winter,Provintial Reserve,Pilanesberg National Park,1225
296,PLN,PLN_C05,2018-02-22,2018-08-20,179,-25.2517,27.17187,Cuddeback,Black,SOUR BUSHVELD,Savanna,493.26,1979,0.176485714,0.073229671,0.385714286,0.125718289,winter,Provintial Reserve,Pilanesberg National Park,1082
297,PLN,PLN_C06,2018-02-22,2018-06-08,106,-25.25101,27.21082,Cuddeback,Black,SOURISH MIXED BUSHVELD,Savanna,493.26,1979,0.177257143,0.042548986,0.400485714,0.10227146,winter,Provintial Reserve,Pilanesberg National Park,1082
298,PLN,PLN_D01,2018-02-22,2018-05-23,90,-25.29612,26.9715,Cuddeback,Black,SOURISH MIXED BUSHVELD,Savanna,493.26,1979,0.166742857,0.03653988,0.344214286,0.072254352,winter,Provintial Reserve,Pilanesberg National Park,1184
299,PLN,PLN_D02,2018-02-22,2018-07-03,131,-25.30156,27.04135,Cuddeback,Black,SOUR BUSHVELD,Savanna,493.26,1979,0.176342857,0.043750233,0.370528571,0.093884729,winter,Provintial Reserve,Pilanesberg National Park,1275
300,PLN,PLN_D03,2018-02-22,2018-06-26,124,-25.29935,27.08176,Cuddeback,Black,SOUR BUSHVELD,Savanna,493.26,1979,0.177557143,0.0766682,0.430528571,0.123825707,winter,Provintial Reserve,Pilanesberg National Park,1275
301,PLN,PLN_D04,2018-02-22,2018-07-10,138,-25.29895,27.10259,Cuddeback,Black,SOUR BUSHVELD,Savanna,493.26,1979,0.1616,0.037420315,0.333157143,0.075007685,winter,Provintial Reserve,Pilanesberg National Park,1225
302,PLN,PLN_D05,2018-02-22,2018-07-16,144,-25.30343,27.17809,Cuddeback,Black,SOURISH MIXED BUSHVELD,Savanna,493.26,1979,0.218728571,0.066287699,0.461814286,0.127065304,winter,Provintial Reserve,Pilanesberg National Park,1082
303,PLN,PLN_E02,2018-02-22,2018-06-22,120,-25.33536,27.03279,Cuddeback,Black,SOURISH MIXED BUSHVELD,Savanna,493.26,1979,0.186085714,0.056052696,0.399028571,0.110553588,winter,Provintial Reserve,Pilanesberg National Park,1091
304,PLN,PLN_E03,2018-02-22,2018-06-24,122,-25.33667,27.05952,Cuddeback,Black,SOURISH MIXED BUSHVELD,Savanna,493.26,1979,0.154671429,0.039243416,0.369828571,0.090238604,winter,Provintial Reserve,Pilanesberg National Park,1091
305,PLN,PLN_E04,2018-02-22,2018-08-19,178,-25.33503,27.11866,Cuddeback,Black,SOURISH MIXED BUSHVELD,Savanna,493.26,1979,0.185428571,0.041525041,0.430742857,0.101243911,winter,Provintial Reserve,Pilanesberg National Park,1072
306,SOM,SOM_A2,2018-11-14,2019-02-10,88,-27.50663,31.92837,Scoutguard,White,LOWVELD,Savanna,120,2006,0.3617,0.104237243,0.628625,0.106934382,spring-summer,Private reserve,Somkhanda Game Reserve,199
307,SOM,SOM_B1,2018-10-28,2019-02-10,105,-27.52877,31.86694,Scoutguard,White,LOWVELD,Savanna,120,2006,0.4144625,0.054248764,0.72675,0.097302019,spring-summer,Private reserve,Somkhanda Game Reserve,401
308,SOM,SOM_C1,2018-10-23,2019-02-08,108,-27.55126,31.80491,Scoutguard,White,LOWVELD,Savanna,120,2006,0.3582125,0.091369742,0.648525,0.177398081,spring-summer,Private reserve,Somkhanda Game Reserve,365
309,SOM,SOM_C4,2018-11-02,2019-02-10,100,-27.5524,31.86681,Scoutguard,White,LOWVELD,Savanna,120,2006,0.379575,0.091522671,0.70725,0.1661888,spring-summer,Private reserve,Somkhanda Game Reserve,401
310,SOM,SOM_C5,2018-11-04,2018-12-08,34,-27.55146,31.88741,Scoutguard,White,LOWVELD,Savanna,120,2006,0.3974375,0.078438947,0.67075,0.153553276,spring-summer,Private reserve,Somkhanda Game Reserve,401
311,SOM,SOM_C6,2018-11-03,2019-02-09,98,-27.55222,31.90883,Scoutguard,White,LOWVELD,Savanna,120,2006,0.3469,0.092946452,0.6450625,0.14741036,spring-summer,Private reserve,Somkhanda Game Reserve,401
312,SOM,SOM_D1,2018-10-24,2019-02-09,108,-27.57345,31.84638,Scoutguard,White,LOWVELD,Savanna,120,2006,0.349225,0.096222298,0.675725,0.096026942,spring-summer,Private reserve,Somkhanda Game Reserve,401
313,TAN,TAN_A01,2019-06-16,2019-06-21,5,-32.33797596,19.99834699,Cuddeback,Black,SUCCULENT KAROO,Succulent Karoo,1436,1986,0.075983333,0.007408697,0.118641667,0.006676616,winter,National Park ,Tankwa Karoo National Park,401
314,TAN,TAN_A02,2019-06-16,2019-07-11,25,-32.33602004,19.97395196,Cuddeback,Black,SUCCULENT KAROO,Succulent Karoo,1436,1986,0.025641667,0.004487449,0.056416667,0.010404443,winter,National Park ,Tankwa Karoo National Park,401
315,TAN,TAN_A03,2019-06-16,2019-08-18,63,-32.33429404,19.94953204,Cuddeback,Black,SUCCULENT KAROO,Succulent Karoo,1436,1986,0.042316667,0.004022851,0.091925,0.0084158,winter,National Park ,Tankwa Karoo National Park,401
316,TAN,TAN_A04,2019-06-16,2019-07-07,21,-32.33801602,19.92444802,Cuddeback,Black,SUCCULENT KAROO,Succulent Karoo,1436,1986,0.047766667,0.002586093,0.100991667,0.005762016,winter,National Park ,Tankwa Karoo National Park,401
317,TAN,TAN_A05,2019-06-16,2019-08-25,70,-32.34115697,19.899536,Cuddeback,Black,SUCCULENT KAROO,Succulent Karoo,1436,1986,0.025075,0.002470968,0.052266667,0.005074237,winter,National Park ,Tankwa Karoo National Park,370
318,TAN,TAN_A06,2019-06-17,2019-08-12,56,-32.32115901,19.89363799,Cuddeback,Black,SUCCULENT KAROO,Succulent Karoo,1436,1986,0.0504,0.005008175,0.10615,0.013882658,winter,National Park ,Tankwa Karoo National Park,432
319,TAN,TAN_A07,2019-06-17,2019-08-31,75,-32.29937796,19.89110699,Cuddeback,Black,SUCCULENT KAROO,Succulent Karoo,1436,1986,0.052308333,0.00273644,0.1143,0.008463075,winter,National Park ,Tankwa Karoo National Park,432
320,TAN,TAN_A08,2019-06-17,2019-07-26,39,-32.28005298,19.88194004,Cuddeback,Black,SUCCULENT KAROO,Succulent Karoo,1436,1986,0.049883333,0.005266676,0.098625,0.011106356,winter,National Park ,Tankwa Karoo National Park,432
321,TAN,TAN_A09,2019-06-14,2019-08-23,70,-32.25993097,19.88579999,Cuddeback,Black,SUCCULENT KAROO,Succulent Karoo,1436,1986,0.046375,0.007369979,0.097816667,0.011689765,winter,National Park ,Tankwa Karoo National Park,432
322,TAN,TAN_A10,2019-06-17,2019-08-03,47,-32.24540798,19.90314298,Cuddeback,Black,SUCCULENT KAROO,Succulent Karoo,1436,1986,0.038691667,0.00446633,0.073475,0.008230445,winter,National Park ,Tankwa Karoo National Park,435
323,TAN,TAN_A11,2019-06-17,2019-09-12,87,-32.23329001,19.92330196,Cuddeback,Black,SUCCULENT KAROO,Succulent Karoo,1436,1986,0.033108333,0.003588228,0.064725,0.005061284,winter,National Park ,Tankwa Karoo National Park,513
324,TAN,TAN_A12,2019-06-18,2019-08-07,50,-32.23087996,19.946261,Cuddeback,Black,SUCCULENT KAROO,Succulent Karoo,1436,1986,0.062766667,0.003601347,0.111433333,0.007354075,winter,National Park ,Tankwa Karoo National Park,513
325,TAN,TAN_A13,2019-06-18,2019-07-31,43,-32.23547299,19.96881302,Cuddeback,Black,SUCCULENT KAROO,Succulent Karoo,1436,1986,0.071066667,0.002734405,0.120416667,0.006524894,winter,National Park ,Tankwa Karoo National Park,513
326,TAN,TAN_A14,2019-06-18,2019-09-08,82,-32.23700596,19.993934,Cuddeback,Black,SUCCULENT KAROO,Succulent Karoo,1436,1986,0.047308333,0.003284525,0.098908333,0.006099845,winter,National Park ,Tankwa Karoo National Park,513
327,TAN,TAN_A15,2019-06-18,2019-08-12,55,-32.23283202,20.01653203,Cuddeback,Black,SUCCULENT KAROO,Succulent Karoo,1436,1986,0.052183333,0.005039631,0.102741667,0.011147397,winter,National Park ,Tankwa Karoo National Park,535
328,TAN,TAN_A16,2019-06-18,2019-08-23,66,-32.21368197,20.01724097,Cuddeback,Black,SUCCULENT KAROO,Succulent Karoo,1436,1986,0.08565,0.007091031,0.165083333,0.015222939,winter,National Park ,Tankwa Karoo National Park,535
329,TAN,TAN_A17,2019-06-18,2019-08-23,66,-32.20286404,20.02939297,Cuddeback,Black,SUCCULENT KAROO,Succulent Karoo,1436,1986,0.078991667,0.008918261,0.164416667,0.020206652,winter,National Park ,Tankwa Karoo National Park,535
330,TAN,TAN_B01,2019-06-17,2019-09-08,83,-32.285161,19.94982599,Cuddeback,Black,SUCCULENT KAROO,Succulent Karoo,1436,1986,0.056016667,0.004063101,0.13105,0.013103053,winter,National Park ,Tankwa Karoo National Park,458
331,TAN,TAN_B02,2019-06-17,2019-09-12,87,-32.27804803,19.92725101,Cuddeback,Black,SUCCULENT KAROO,Succulent Karoo,1436,1986,0.053216667,0.004510157,0.109708333,0.008049106,winter,National Park ,Tankwa Karoo National Park,458
332,TSW,TSW_KA02,2018-11-18,2019-02-21,95,-27.26188,22.34283,Cuddeback,White,KALAHARI THORNVELD AND SHRUB BUSHVELD,Savanna,1139.3,2008,0.119057143,0.005789317,0.1894,0.008218475,summer,Private reserve,Tswalu Kalahari Reserve,1112
333,TSW,TSW_KA03,2018-11-18,2019-02-19,93,-27.2617,22.36669,Cuddeback,White,KALAHARI THORNVELD AND SHRUB BUSHVELD,Savanna,1139.3,2008,0.125928571,0.005793593,0.201614286,0.007541094,summer,Private reserve,Tswalu Kalahari Reserve,1112
334,TSW,TSW_KA05,2018-11-18,2019-02-18,92,-27.26174,22.41538,Cuddeback,White,KALAHARI THORNVELD AND SHRUB BUSHVELD,Savanna,1139.3,2008,0.128057143,0.005501472,0.204885714,0.00852006,summer,Private reserve,Tswalu Kalahari Reserve,1112
335,TSW,TSW_KA06,2018-11-18,2019-02-19,93,-27.25917,22.43173,Cuddeback,White,KALAHARI THORNVELD AND SHRUB BUSHVELD,Savanna,1139.3,2008,0.128671429,0.01114177,0.206785714,0.016195105,summer,Private reserve,Tswalu Kalahari Reserve,1210
336,TSW,TSW_KA07,2018-11-19,2019-02-20,93,-27.25309,22.45428,Cuddeback,White,KALAHARI THORNVELD AND SHRUB BUSHVELD,Savanna,1139.3,2008,0.138285714,0.017611495,0.218185714,0.026536794,summer,Private reserve,Tswalu Kalahari Reserve,1210
337,TSW,TSW_KB02,2018-11-18,2019-02-21,95,-27.28055,22.34438,Cuddeback,White,KALAHARI THORNVELD AND SHRUB BUSHVELD,Savanna,1139.3,2008,0.124214286,0.003829024,0.198614286,0.007443885,summer,Private reserve,Tswalu Kalahari Reserve,1112
338,TSW,TSW_KB03,2018-11-18,2019-02-21,95,-27.27885,22.36414,Cuddeback,White,KALAHARI THORNVELD AND SHRUB BUSHVELD,Savanna,1139.3,2008,0.128828571,0.005935406,0.203385714,0.009933349,summer,Private reserve,Tswalu Kalahari Reserve,1112
339,TSW,TSW_KB04,2018-11-18,2019-02-19,93,-27.28081,22.3887,Cuddeback,White,KALAHARI THORNVELD AND SHRUB BUSHVELD,Savanna,1139.3,2008,0.133085714,0.011702198,0.211514286,0.015877597,summer,Private reserve,Tswalu Kalahari Reserve,1112
340,TSW,TSW_KB05,2018-11-18,2019-02-20,94,-27.27842,22.41066,Cuddeback,White,KALAHARI THORNVELD AND SHRUB BUSHVELD,Savanna,1139.3,2008,0.125971429,0.006680997,0.205214286,0.008925512,summer,Private reserve,Tswalu Kalahari Reserve,1112
341,TSW,TSW_KB06,2018-11-18,2019-02-21,95,-27.27839,22.43387,Cuddeback,White,KALAHARI THORNVELD AND SHRUB BUSHVELD,Savanna,1139.3,2008,0.126042857,0.012903469,0.211328571,0.020799897,summer,Private reserve,Tswalu Kalahari Reserve,1210
342,TSW,TSW_KB07,2018-11-19,2019-02-21,94,-27.2801,22.45137,Cuddeback,White,KALAHARI THORNVELD AND SHRUB BUSHVELD,Savanna,1139.3,2008,0.1136,0.01548354,0.185,0.021967172,summer,Private reserve,Tswalu Kalahari Reserve,1210
343,TSW,TSW_KC02,2018-11-19,2019-02-21,94,-27.30242,22.34617,Cuddeback,White,KALAHARI THORNVELD AND SHRUB BUSHVELD,Savanna,1139.3,2008,0.124942857,0.004432402,0.193828571,0.005319372,summer,Private reserve,Tswalu Kalahari Reserve,1112
344,TSW,TSW_KC03,2018-11-19,2019-02-21,94,-27.29819,22.36741,Cuddeback,White,KALAHARI THORNVELD AND SHRUB BUSHVELD,Savanna,1139.3,2008,0.133614286,0.008380618,0.212128571,0.012550925,summer,Private reserve,Tswalu Kalahari Reserve,1112
345,TSW,TSW_KC04,2018-11-19,2019-02-21,94,-27.30098,22.38917,Cuddeback,White,KALAHARI THORNVELD AND SHRUB BUSHVELD,Savanna,1139.3,2008,0.140514286,0.014406298,0.219657143,0.019928025,summer,Private reserve,Tswalu Kalahari Reserve,1112
346,TSW,TSW_KC05,2018-11-19,2019-02-21,94,-27.30206,22.41235,Cuddeback,White,KALAHARI THORNVELD AND SHRUB BUSHVELD,Savanna,1139.3,2008,0.127557143,0.016562896,0.208057143,0.023899641,summer,Private reserve,Tswalu Kalahari Reserve,1112
347,TSW,TSW_KC06,2018-11-19,2019-02-19,92,-27.30257,22.43358,Cuddeback,White,KALAHARI THORNVELD AND SHRUB BUSHVELD,Savanna,1139.3,2008,0.1237,0.015369125,0.204085714,0.025193149,summer,Private reserve,Tswalu Kalahari Reserve,1210
348,TSW,TSW_KC07,2018-11-18,2019-02-21,95,-27.29684,22.45586,Cuddeback,White,KALAHARI THORNVELD AND SHRUB BUSHVELD,Savanna,1139.3,2008,0.130114286,0.019734439,0.210871429,0.02916526,summer,Private reserve,Tswalu Kalahari Reserve,1210
349,TSW,TSW_KD02,2018-11-19,2019-02-21,94,-27.32092,22.34563,Cuddeback,White,KALAHARI THORNVELD AND SHRUB BUSHVELD,Savanna,1139.3,2008,0.130128571,0.008728252,0.196571429,0.011067929,summer,Private reserve,Tswalu Kalahari Reserve,1112
350,TSW,TSW_KD03,2018-11-19,2019-02-21,94,-27.32413,22.36665,Cuddeback,White,KALAHARI THORNVELD AND SHRUB BUSHVELD,Savanna,1139.3,2008,0.129042857,0.010649078,0.2043,0.015511823,summer,Private reserve,Tswalu Kalahari Reserve,1112
351,TSW,TSW_KD06,2018-11-19,2019-02-21,94,-27.31917,22.4335,Cuddeback,White,KALAHARI THORNVELD AND SHRUB BUSHVELD,Savanna,1139.3,2008,0.1259,0.019893885,0.2114,0.030813796,summer,Private reserve,Tswalu Kalahari Reserve,1210
352,TSW,TSW_LB02,2018-11-20,2019-02-08,80,-27.19966,22.49944,Cuddeback,White,KALAHARI THORNVELD AND SHRUB BUSHVELD,Savanna,1139.3,2008,0.132028571,0.010118418,0.238657143,0.01641177,summer,Private reserve,Tswalu Kalahari Reserve,1173
353,TSW,TSW_LB03,2018-11-20,2019-02-18,90,-27.19757,22.52455,Cuddeback,White,KALAHARI THORNVELD AND SHRUB BUSHVELD,Savanna,1139.3,2008,0.144342857,0.005728833,0.235814286,0.007254982,summer,Private reserve,Tswalu Kalahari Reserve,1213
354,TSW,TSW_LC01,2018-11-20,2018-12-21,31,-27.21927,22.48024,Cuddeback,White,KALAHARI THORNVELD AND SHRUB BUSHVELD,Savanna,1139.3,2008,0.137257143,0.010836952,0.234628571,0.017559111,summer,Private reserve,Tswalu Kalahari Reserve,1173
355,TSW,TSW_LC03,2018-11-20,2019-02-21,93,-27.2191,22.52278,Cuddeback,White,KALAHARI THORNVELD AND SHRUB BUSHVELD,Savanna,1139.3,2008,0.138371429,0.008532822,0.236185714,0.009571386,summer,Private reserve,Tswalu Kalahari Reserve,1213
356,TSW,TSW_LD02,2018-11-19,2018-12-08,19,-27.23877,22.49919,Cuddeback,White,KALAHARI THORNVELD AND SHRUB BUSHVELD,Savanna,1139.3,2008,0.1316,0.008477224,0.226914286,0.009446239,summer,Private reserve,Tswalu Kalahari Reserve,1173
357,TSW,TSW_LD03,2018-11-19,2019-02-21,94,-27.23686,22.52553,Cuddeback,White,KALAHARI THORNVELD AND SHRUB BUSHVELD,Savanna,1139.3,2008,0.123757143,0.012574161,0.225614286,0.020245693,summer,Private reserve,Tswalu Kalahari Reserve,1213
358,TSW,TSW_LE01,2018-11-19,2019-02-21,94,-27.25648,22.47845,Cuddeback,White,KALAHARI THORNVELD AND SHRUB BUSHVELD,Savanna,1139.3,2008,0.136428571,0.010715832,0.224914286,0.011975034,summer,Private reserve,Tswalu Kalahari Reserve,1210
359,TSW,TSW_LE02,2018-11-19,2019-02-21,94,-27.25599,22.50252,Cuddeback,White,KALAHARI THORNVELD AND SHRUB BUSHVELD,Savanna,1139.3,2008,0.136328571,0.010300439,0.235085714,0.00626004,summer,Private reserve,Tswalu Kalahari Reserve,1292
360,TSW,TSW_LE03,2018-11-19,2019-02-16,89,-27.25842,22.52458,Cuddeback,White,KALAHARI THORNVELD AND SHRUB BUSHVELD,Savanna,1139.3,2008,0.113942857,0.018152764,0.208871429,0.030215047,summer,Private reserve,Tswalu Kalahari Reserve,1292
361,VEN,VEN_A01,2018-10-12,2019-01-05,85,-22.28234,29.27256,Cuddeback,White,MOPANI VELD,Savanna,322,1989,0.1863875,0.04387565,0.2960125,0.063571342,spring-summer,Private reserve,Venetia Nature Reserve,571
362,VEN,VEN_A02,2018-10-12,2019-01-17,97,-22.30731,29.26691,Cuddeback,White,MOPANI VELD,Savanna,322,1989,0.1986125,0.062943204,0.3327375,0.106125814,spring-summer,Private reserve,Venetia Nature Reserve,571
363,VEN,VEN_A03,2018-10-12,2019-01-17,97,-22.32698,29.26993,Cuddeback,White,MOPANI VELD,Savanna,322,1989,0.1867375,0.035624147,0.3093375,0.065031837,spring-summer,Private reserve,Venetia Nature Reserve,571
364,VEN,VEN_A04,2018-10-12,2019-01-18,98,-22.34862,29.2706,Cuddeback,White,MOPANI VELD,Savanna,322,1989,0.183125,0.03876039,0.3119875,0.071086475,spring-summer,Private reserve,Venetia Nature Reserve,613
365,VEN,VEN_A05,2018-10-12,2019-01-18,98,-22.36621,29.27349,Cuddeback,White,MOPANI VELD,Savanna,322,1989,0.18665,0.037074558,0.3109,0.049563523,spring-summer,Private reserve,Venetia Nature Reserve,613
366,VEN,VEN_B01,2018-10-12,2018-11-05,24,-22.29047,29.29813,Cuddeback,White,MOPANI VELD,Savanna,322,1989,0.211025,0.05274003,0.333825,0.076029783,spring-summer,Private reserve,Venetia Nature Reserve,571
367,VEN,VEN_B02,2018-10-12,2019-01-16,96,-22.30911,29.29319,Cuddeback,White,MOPANI VELD,Savanna,322,1989,0.1844875,0.043735518,0.298375,0.070429189,spring-summer,Private reserve,Venetia Nature Reserve,571
368,VEN,VEN_B04,2018-10-12,2019-01-18,98,-22.34719,29.297,Cuddeback,White,MOPANI VELD,Savanna,322,1989,0.1922125,0.039918933,0.3235125,0.053241859,spring-summer,Private reserve,Venetia Nature Reserve,613
369,VEN,VEN_B05,2018-10-12,2019-01-13,93,-22.37327,29.29039,Cuddeback,White,MOPANI VELD,Savanna,322,1989,0.1904625,0.041031832,0.3092625,0.05991861,spring-summer,Private reserve,Venetia Nature Reserve,613
370,VEN,VEN_C01,2018-10-12,2019-01-18,98,-22.2833,29.31536,Cuddeback,White,MOPANI VELD,Savanna,322,1989,0.2019375,0.068997431,0.3133875,0.098191219,spring-summer,Private reserve,Venetia Nature Reserve,571
371,VEN,VEN_C02,2018-10-12,2019-01-18,98,-22.30443,29.31264,Cuddeback,White,MOPANI VELD,Savanna,322,1989,0.1673375,0.040717035,0.2499625,0.060754493,spring-summer,Private reserve,Venetia Nature Reserve,571
372,VEN,VEN_C04,2018-10-12,2018-12-27,76,-22.3433,29.31846,Cuddeback,White,MOPANI VELD,Savanna,322,1989,0.172175,0.032670203,0.2676375,0.049290855,spring-summer,Private reserve,Venetia Nature Reserve,613
373,VEN,VEN_C05,2018-10-12,2018-11-17,36,-22.36847,29.30647,Cuddeback,White,MOPANI VELD,Savanna,322,1989,0.1465875,0.028567136,0.2300625,0.041113881,spring-summer,Private reserve,Venetia Nature Reserve,613
374,VEN,VEN_D01,2018-10-12,2018-11-17,36,-22.26736,29.26736,Cuddeback,White,MOPANI VELD,Savanna,322,1989,0.19385,0.09191193,0.29645,0.126355598,spring-summer,Private reserve,Venetia Nature Reserve,571
375,VEN,VEN_D02,2018-10-12,2019-01-18,98,-22.3025,29.32424,Cuddeback,White,MOPANI VELD,Savanna,322,1989,0.1980625,0.051136818,0.30585,0.077736055,spring-summer,Private reserve,Venetia Nature Reserve,571
376,VEN,VEN_D04,2018-10-12,2019-01-18,98,-22.34255,29.33343,Cuddeback,White,MOPANI VELD,Savanna,322,1989,0.1713,0.039561381,0.2594125,0.051177798,spring-summer,Private reserve,Venetia Nature Reserve,661
377,VEN,VEN_E02,2018-10-12,2019-01-18,98,-22.29463,29.33519,Cuddeback,White,MOPANI VELD,Savanna,322,1989,0.1964625,0.068076867,0.3084875,0.092320334,spring-summer,Private reserve,Venetia Nature Reserve,613
